case_id,task_kind,scope,provenance,expected_evidence
0,factual_world,world_claim,explicit_user,0
1,factual_world,world_claim,inferred,0
2,factual_world,world_claim,tool_verified,1
3,factual_world,world_claim,external_verified,1
4,personal_state,personal_state,explicit_user,1
5,personal_state,personal_state,tool_verified,1
6,factual_world,personal_state,explicit_user,0
7,recommendation,preference,explicit_user,0
8,planning,constraint,explicit_user,0
9,style,presentation,explicit_user,0
10,factual_world,world_claim,explicit_user,0
11,factual_world,world_claim,inferred,0
12,factual_world,world_claim,tool_verified,1
13,factual_world,world_claim,external_verified,1
14,personal_state,personal_state,explicit_user,1
15,personal_state,personal_state,tool_verified,1
16,factual_world,personal_state,explicit_user,0
17,recommendation,preference,explicit_user,0
18,planning,constraint,explicit_user,0
19,style,presentation,explicit_user,0
20,factual_world,world_claim,explicit_user,0
21,factual_world,world_claim,inferred,0
22,factual_world,world_claim,tool_verified,1
23,factual_world,world_claim,external_verified,1
24,personal_state,personal_state,explicit_user,1
25,personal_state,personal_state,tool_verified,1
26,factual_world,personal_state,explicit_user,0
27,recommendation,preference,explicit_user,0
28,planning,constraint,explicit_user,0
29,style,presentation,explicit_user,0
30,factual_world,world_claim,explicit_user,0
31,factual_world,world_claim,inferred,0
32,factual_world,world_claim,tool_verified,1
33,factual_world,world_claim,external_verified,1
34,personal_state,personal_state,explicit_user,1
35,personal_state,personal_state,tool_verified,1
36,factual_world,personal_state,explicit_user,0
37,recommendation,preference,explicit_user,0
38,planning,constraint,explicit_user,0
39,style,presentation,explicit_user,0
40,factual_world,world_claim,explicit_user,0
41,factual_world,world_claim,inferred,0
42,factual_world,world_claim,tool_verified,1
43,factual_world,world_claim,external_verified,1
44,personal_state,personal_state,explicit_user,1
45,personal_state,personal_state,tool_verified,1
46,factual_world,personal_state,explicit_user,0
47,recommendation,preference,explicit_user,0
48,planning,constraint,explicit_user,0
49,style,presentation,explicit_user,0
50,factual_world,world_claim,explicit_user,0
51,factual_world,world_claim,inferred,0
52,factual_world,world_claim,tool_verified,1
53,factual_world,world_claim,external_verified,1
54,personal_state,personal_state,explicit_user,1
55,personal_state,personal_state,tool_verified,1
56,factual_world,personal_state,explicit_user,0
57,recommendation,preference,explicit_user,0
58,planning,constraint,explicit_user,0
59,style,presentation,explicit_user,0
60,factual_world,world_claim,explicit_user,0
61,factual_world,world_claim,inferred,0
62,factual_world,world_claim,tool_verified,1
63,factual_world,world_claim,external_verified,1
64,personal_state,personal_state,explicit_user,1
65,personal_state,personal_state,tool_verified,1
66,factual_world,personal_state,explicit_user,0
67,recommendation,preference,explicit_user,0
68,planning,constraint,explicit_user,0
69,style,presentation,explicit_user,0
70,factual_world,world_claim,explicit_user,0
71,factual_world,world_claim,inferred,0
72,factual_world,world_claim,tool_verified,1
73,factual_world,world_claim,external_verified,1
74,personal_state,personal_state,explicit_user,1
75,personal_state,personal_state,tool_verified,1
76,factual_world,personal_state,explicit_user,0
77,recommendation,preference,explicit_user,0
78,planning,constraint,explicit_user,0
79,style,presentation,explicit_user,0
80,factual_world,world_claim,explicit_user,0
81,factual_world,world_claim,inferred,0
82,factual_world,world_claim,tool_verified,1
83,factual_world,world_claim,external_verified,1
84,personal_state,personal_state,explicit_user,1
85,personal_state,personal_state,tool_verified,1
86,factual_world,personal_state,explicit_user,0
87,recommendation,preference,explicit_user,0
88,planning,constraint,explicit_user,0
89,style,presentation,explicit_user,0
90,factual_world,world_claim,explicit_user,0
91,factual_world,world_claim,inferred,0
92,factual_world,world_claim,tool_verified,1
93,factual_world,world_claim,external_verified,1
94,personal_state,personal_state,explicit_user,1
95,personal_state,personal_state,tool_verified,1
96,factual_world,personal_state,explicit_user,0
97,recommendation,preference,explicit_user,0
98,planning,constraint,explicit_user,0
99,style,presentation,explicit_user,0
100,factual_world,world_claim,explicit_user,0
101,factual_world,world_claim,inferred,0
102,factual_world,world_claim,tool_verified,1
103,factual_world,world_claim,external_verified,1
104,personal_state,personal_state,explicit_user,1
105,personal_state,personal_state,tool_verified,1
106,factual_world,personal_state,explicit_user,0
107,recommendation,preference,explicit_user,0
108,planning,constraint,explicit_user,0
109,style,presentation,explicit_user,0
110,factual_world,world_claim,explicit_user,0
111,factual_world,world_claim,inferred,0
112,factual_world,world_claim,tool_verified,1
113,factual_world,world_claim,external_verified,1
114,personal_state,personal_state,explicit_user,1
115,personal_state,personal_state,tool_verified,1
116,factual_world,personal_state,explicit_user,0
117,recommendation,preference,explicit_user,0
118,planning,constraint,explicit_user,0
119,style,presentation,explicit_user,0
120,factual_world,world_claim,explicit_user,0
121,factual_world,world_claim,inferred,0
122,factual_world,world_claim,tool_verified,1
123,factual_world,world_claim,external_verified,1
124,personal_state,personal_state,explicit_user,1
125,personal_state,personal_state,tool_verified,1
126,factual_world,personal_state,explicit_user,0
127,recommendation,preference,explicit_user,0
128,planning,constraint,explicit_user,0
129,style,presentation,explicit_user,0
130,factual_world,world_claim,explicit_user,0
131,factual_world,world_claim,inferred,0
132,factual_world,world_claim,tool_verified,1
133,factual_world,world_claim,external_verified,1
134,personal_state,personal_state,explicit_user,1
135,personal_state,personal_state,tool_verified,1
136,factual_world,personal_state,explicit_user,0
137,recommendation,preference,explicit_user,0
138,planning,constraint,explicit_user,0
139,style,presentation,explicit_user,0
140,factual_world,world_claim,explicit_user,0
141,factual_world,world_claim,inferred,0
142,factual_world,world_claim,tool_verified,1
143,factual_world,world_claim,external_verified,1
144,personal_state,personal_state,explicit_user,1
145,personal_state,personal_state,tool_verified,1
146,factual_world,personal_state,explicit_user,0
147,recommendation,preference,explicit_user,0
148,planning,constraint,explicit_user,0
149,style,presentation,explicit_user,0
150,factual_world,world_claim,explicit_user,0
151,factual_world,world_claim,inferred,0
152,factual_world,world_claim,tool_verified,1
153,factual_world,world_claim,external_verified,1
154,personal_state,personal_state,explicit_user,1
155,personal_state,personal_state,tool_verified,1
156,factual_world,personal_state,explicit_user,0
157,recommendation,preference,explicit_user,0
158,planning,constraint,explicit_user,0
159,style,presentation,explicit_user,0
160,factual_world,world_claim,explicit_user,0
161,factual_world,world_claim,inferred,0
162,factual_world,world_claim,tool_verified,1
163,factual_world,world_claim,external_verified,1
164,personal_state,personal_state,explicit_user,1
165,personal_state,personal_state,tool_verified,1
166,factual_world,personal_state,explicit_user,0
167,recommendation,preference,explicit_user,0
168,planning,constraint,explicit_user,0
169,style,presentation,explicit_user,0
170,factual_world,world_claim,explicit_user,0
171,factual_world,world_claim,inferred,0
172,factual_world,world_claim,tool_verified,1
173,factual_world,world_claim,external_verified,1
174,personal_state,personal_state,explicit_user,1
175,personal_state,personal_state,tool_verified,1
176,factual_world,personal_state,explicit_user,0
177,recommendation,preference,explicit_user,0
178,planning,constraint,explicit_user,0
179,style,presentation,explicit_user,0
180,factual_world,world_claim,explicit_user,0
181,factual_world,world_claim,inferred,0
182,factual_world,world_claim,tool_verified,1
183,factual_world,world_claim,external_verified,1
184,personal_state,personal_state,explicit_user,1
185,personal_state,personal_state,tool_verified,1
186,factual_world,personal_state,explicit_user,0
187,recommendation,preference,explicit_user,0
188,planning,constraint,explicit_user,0
189,style,presentation,explicit_user,0
190,factual_world,world_claim,explicit_user,0
191,factual_world,world_claim,inferred,0
192,factual_world,world_claim,tool_verified,1
193,factual_world,world_claim,external_verified,1
194,personal_state,personal_state,explicit_user,1
195,personal_state,personal_state,tool_verified,1
196,factual_world,personal_state,explicit_user,0
197,recommendation,preference,explicit_user,0
198,planning,constraint,explicit_user,0
199,style,presentation,explicit_user,0
200,factual_world,world_claim,explicit_user,0
201,factual_world,world_claim,inferred,0
202,factual_world,world_claim,tool_verified,1
203,factual_world,world_claim,external_verified,1
204,personal_state,personal_state,explicit_user,1
205,personal_state,personal_state,tool_verified,1
206,factual_world,personal_state,explicit_user,0
207,recommendation,preference,explicit_user,0
208,planning,constraint,explicit_user,0
209,style,presentation,explicit_user,0
210,factual_world,world_claim,explicit_user,0
211,factual_world,world_claim,inferred,0
212,factual_world,world_claim,tool_verified,1
213,factual_world,world_claim,external_verified,1
214,personal_state,personal_state,explicit_user,1
215,personal_state,personal_state,tool_verified,1
216,factual_world,personal_state,explicit_user,0
217,recommendation,preference,explicit_user,0
218,planning,constraint,explicit_user,0
219,style,presentation,explicit_user,0
220,factual_world,world_claim,explicit_user,0
221,factual_world,world_claim,inferred,0
222,factual_world,world_claim,tool_verified,1
223,factual_world,world_claim,external_verified,1
224,personal_state,personal_state,explicit_user,1
225,personal_state,personal_state,tool_verified,1
226,factual_world,personal_state,explicit_user,0
227,recommendation,preference,explicit_user,0
228,planning,constraint,explicit_user,0
229,style,presentation,explicit_user,0
230,factual_world,world_claim,explicit_user,0
231,factual_world,world_claim,inferred,0
232,factual_world,world_claim,tool_verified,1
233,factual_world,world_claim,external_verified,1
234,personal_state,personal_state,explicit_user,1
235,personal_state,personal_state,tool_verified,1
236,factual_world,personal_state,explicit_user,0
237,recommendation,preference,explicit_user,0
238,planning,constraint,explicit_user,0
239,style,presentation,explicit_user,0
240,factual_world,world_claim,explicit_user,0
241,factual_world,world_claim,inferred,0
242,factual_world,world_claim,tool_verified,1
243,factual_world,world_claim,external_verified,1
244,personal_state,personal_state,explicit_user,1
245,personal_state,personal_state,tool_verified,1
246,factual_world,personal_state,explicit_user,0
247,recommendation,preference,explicit_user,0
248,planning,constraint,explicit_user,0
249,style,presentation,explicit_user,0
250,factual_world,world_claim,explicit_user,0
251,factual_world,world_claim,inferred,0
252,factual_world,world_claim,tool_verified,1
253,factual_world,world_claim,external_verified,1
254,personal_state,personal_state,explicit_user,1
255,personal_state,personal_state,tool_verified,1
256,factual_world,personal_state,explicit_user,0
257,recommendation,preference,explicit_user,0
258,planning,constraint,explicit_user,0
259,style,presentation,explicit_user,0
260,factual_world,world_claim,explicit_user,0
261,factual_world,world_claim,inferred,0
262,factual_world,world_claim,tool_verified,1
263,factual_world,world_claim,external_verified,1
264,personal_state,personal_state,explicit_user,1
265,personal_state,personal_state,tool_verified,1
266,factual_world,personal_state,explicit_user,0
267,recommendation,preference,explicit_user,0
268,planning,constraint,explicit_user,0
269,style,presentation,explicit_user,0
270,factual_world,world_claim,explicit_user,0
271,factual_world,world_claim,inferred,0
272,factual_world,world_claim,tool_verified,1
273,factual_world,world_claim,external_verified,1
274,personal_state,personal_state,explicit_user,1
275,personal_state,personal_state,tool_verified,1
276,factual_world,personal_state,explicit_user,0
277,recommendation,preference,explicit_user,0
278,planning,constraint,explicit_user,0
279,style,presentation,explicit_user,0
280,factual_world,world_claim,explicit_user,0
281,factual_world,world_claim,inferred,0
282,factual_world,world_claim,tool_verified,1
283,factual_world,world_claim,external_verified,1
284,personal_state,personal_state,explicit_user,1
285,personal_state,personal_state,tool_verified,1
286,factual_world,personal_state,explicit_user,0
287,recommendation,preference,explicit_user,0
288,planning,constraint,explicit_user,0
289,style,presentation,explicit_user,0
290,factual_world,world_claim,explicit_user,0
291,factual_world,world_claim,inferred,0
292,factual_world,world_claim,tool_verified,1
293,factual_world,world_claim,external_verified,1
294,personal_state,personal_state,explicit_user,1
295,personal_state,personal_state,tool_verified,1
296,factual_world,personal_state,explicit_user,0
297,recommendation,preference,explicit_user,0
298,planning,constraint,explicit_user,0
299,style,presentation,explicit_user,0
300,factual_world,world_claim,explicit_user,0
301,factual_world,world_claim,inferred,0
302,factual_world,world_claim,tool_verified,1
303,factual_world,world_claim,external_verified,1
304,personal_state,personal_state,explicit_user,1
305,personal_state,personal_state,tool_verified,1
306,factual_world,personal_state,explicit_user,0
307,recommendation,preference,explicit_user,0
308,planning,constraint,explicit_user,0
309,style,presentation,explicit_user,0
310,factual_world,world_claim,explicit_user,0
311,factual_world,world_claim,inferred,0
312,factual_world,world_claim,tool_verified,1
313,factual_world,world_claim,external_verified,1
314,personal_state,personal_state,explicit_user,1
315,personal_state,personal_state,tool_verified,1
316,factual_world,personal_state,explicit_user,0
317,recommendation,preference,explicit_user,0
318,planning,constraint,explicit_user,0
319,style,presentation,explicit_user,0
320,factual_world,world_claim,explicit_user,0
321,factual_world,world_claim,inferred,0
322,factual_world,world_claim,tool_verified,1
323,factual_world,world_claim,external_verified,1
324,personal_state,personal_state,explicit_user,1
325,personal_state,personal_state,tool_verified,1
326,factual_world,personal_state,explicit_user,0
327,recommendation,preference,explicit_user,0
328,planning,constraint,explicit_user,0
329,style,presentation,explicit_user,0
330,factual_world,world_claim,explicit_user,0
331,factual_world,world_claim,inferred,0
332,factual_world,world_claim,tool_verified,1
333,factual_world,world_claim,external_verified,1
334,personal_state,personal_state,explicit_user,1
335,personal_state,personal_state,tool_verified,1
336,factual_world,personal_state,explicit_user,0
337,recommendation,preference,explicit_user,0
338,planning,constraint,explicit_user,0
339,style,presentation,explicit_user,0
340,factual_world,world_claim,explicit_user,0
341,factual_world,world_claim,inferred,0
342,factual_world,world_claim,tool_verified,1
343,factual_world,world_claim,external_verified,1
344,personal_state,personal_state,explicit_user,1
345,personal_state,personal_state,tool_verified,1
346,factual_world,personal_state,explicit_user,0
347,recommendation,preference,explicit_user,0
348,planning,constraint,explicit_user,0
349,style,presentation,explicit_user,0
350,factual_world,world_claim,explicit_user,0
351,factual_world,world_claim,inferred,0
352,factual_world,world_claim,tool_verified,1
353,factual_world,world_claim,external_verified,1
354,personal_state,personal_state,explicit_user,1
355,personal_state,personal_state,tool_verified,1
356,factual_world,personal_state,explicit_user,0
357,recommendation,preference,explicit_user,0
358,planning,constraint,explicit_user,0
359,style,presentation,explicit_user,0
360,factual_world,world_claim,explicit_user,0
361,factual_world,world_claim,inferred,0
362,factual_world,world_claim,tool_verified,1
363,factual_world,world_claim,external_verified,1
364,personal_state,personal_state,explicit_user,1
365,personal_state,personal_state,tool_verified,1
366,factual_world,personal_state,explicit_user,0
367,recommendation,preference,explicit_user,0
368,planning,constraint,explicit_user,0
369,style,presentation,explicit_user,0
370,factual_world,world_claim,explicit_user,0
371,factual_world,world_claim,inferred,0
372,factual_world,world_claim,tool_verified,1
373,factual_world,world_claim,external_verified,1
374,personal_state,personal_state,explicit_user,1
375,personal_state,personal_state,tool_verified,1
376,factual_world,personal_state,explicit_user,0
377,recommendation,preference,explicit_user,0
378,planning,constraint,explicit_user,0
379,style,presentation,explicit_user,0
380,factual_world,world_claim,explicit_user,0
381,factual_world,world_claim,inferred,0
382,factual_world,world_claim,tool_verified,1
383,factual_world,world_claim,external_verified,1
384,personal_state,personal_state,explicit_user,1
385,personal_state,personal_state,tool_verified,1
386,factual_world,personal_state,explicit_user,0
387,recommendation,preference,explicit_user,0
388,planning,constraint,explicit_user,0
389,style,presentation,explicit_user,0
390,factual_world,world_claim,explicit_user,0
391,factual_world,world_claim,inferred,0
392,factual_world,world_claim,tool_verified,1
393,factual_world,world_claim,external_verified,1
394,personal_state,personal_state,explicit_user,1
395,personal_state,personal_state,tool_verified,1
396,factual_world,personal_state,explicit_user,0
397,recommendation,preference,explicit_user,0
398,planning,constraint,explicit_user,0
399,style,presentation,explicit_user,0
400,factual_world,world_claim,explicit_user,0
401,factual_world,world_claim,inferred,0
402,factual_world,world_claim,tool_verified,1
403,factual_world,world_claim,external_verified,1
404,personal_state,personal_state,explicit_user,1
405,personal_state,personal_state,tool_verified,1
406,factual_world,personal_state,explicit_user,0
407,recommendation,preference,explicit_user,0
408,planning,constraint,explicit_user,0
409,style,presentation,explicit_user,0
410,factual_world,world_claim,explicit_user,0
411,factual_world,world_claim,inferred,0
412,factual_world,world_claim,tool_verified,1
413,factual_world,world_claim,external_verified,1
414,personal_state,personal_state,explicit_user,1
415,personal_state,personal_state,tool_verified,1
416,factual_world,personal_state,explicit_user,0
417,recommendation,preference,explicit_user,0
418,planning,constraint,explicit_user,0
419,style,presentation,explicit_user,0
420,factual_world,world_claim,explicit_user,0
421,factual_world,world_claim,inferred,0
422,factual_world,world_claim,tool_verified,1
423,factual_world,world_claim,external_verified,1
424,personal_state,personal_state,explicit_user,1
425,personal_state,personal_state,tool_verified,1
426,factual_world,personal_state,explicit_user,0
427,recommendation,preference,explicit_user,0
428,planning,constraint,explicit_user,0
429,style,presentation,explicit_user,0
430,factual_world,world_claim,explicit_user,0
431,factual_world,world_claim,inferred,0
432,factual_world,world_claim,tool_verified,1
433,factual_world,world_claim,external_verified,1
434,personal_state,personal_state,explicit_user,1
435,personal_state,personal_state,tool_verified,1
436,factual_world,personal_state,explicit_user,0
437,recommendation,preference,explicit_user,0
438,planning,constraint,explicit_user,0
439,style,presentation,explicit_user,0
440,factual_world,world_claim,explicit_user,0
441,factual_world,world_claim,inferred,0
442,factual_world,world_claim,tool_verified,1
443,factual_world,world_claim,external_verified,1
444,personal_state,personal_state,explicit_user,1
445,personal_state,personal_state,tool_verified,1
446,factual_world,personal_state,explicit_user,0
447,recommendation,preference,explicit_user,0
448,planning,constraint,explicit_user,0
449,style,presentation,explicit_user,0
450,factual_world,world_claim,explicit_user,0
451,factual_world,world_claim,inferred,0
452,factual_world,world_claim,tool_verified,1
453,factual_world,world_claim,external_verified,1
454,personal_state,personal_state,explicit_user,1
455,personal_state,personal_state,tool_verified,1
456,factual_world,personal_state,explicit_user,0
457,recommendation,preference,explicit_user,0
458,planning,constraint,explicit_user,0
459,style,presentation,explicit_user,0
460,factual_world,world_claim,explicit_user,0
461,factual_world,world_claim,inferred,0
462,factual_world,world_claim,tool_verified,1
463,factual_world,world_claim,external_verified,1
464,personal_state,personal_state,explicit_user,1
465,personal_state,personal_state,tool_verified,1
466,factual_world,personal_state,explicit_user,0
467,recommendation,preference,explicit_user,0
468,planning,constraint,explicit_user,0
469,style,presentation,explicit_user,0
470,factual_world,world_claim,explicit_user,0
471,factual_world,world_claim,inferred,0
472,factual_world,world_claim,tool_verified,1
473,factual_world,world_claim,external_verified,1
474,personal_state,personal_state,explicit_user,1
475,personal_state,personal_state,tool_verified,1
476,factual_world,personal_state,explicit_user,0
477,recommendation,preference,explicit_user,0
478,planning,constraint,explicit_user,0
479,style,presentation,explicit_user,0
480,factual_world,world_claim,explicit_user,0
481,factual_world,world_claim,inferred,0
482,factual_world,world_claim,tool_verified,1
483,factual_world,world_claim,external_verified,1
484,personal_state,personal_state,explicit_user,1
485,personal_state,personal_state,tool_verified,1
486,factual_world,personal_state,explicit_user,0
487,recommendation,preference,explicit_user,0
488,planning,constraint,explicit_user,0
489,style,presentation,explicit_user,0
490,factual_world,world_claim,explicit_user,0
491,factual_world,world_claim,inferred,0
492,factual_world,world_claim,tool_verified,1
493,factual_world,world_claim,external_verified,1
494,personal_state,personal_state,explicit_user,1
495,personal_state,personal_state,tool_verified,1
496,factual_world,personal_state,explicit_user,0
497,recommendation,preference,explicit_user,0
498,planning,constraint,explicit_user,0
499,style,presentation,explicit_user,0
500,factual_world,world_claim,explicit_user,0
501,factual_world,world_claim,inferred,0
502,factual_world,world_claim,tool_verified,1
503,factual_world,world_claim,external_verified,1
504,personal_state,personal_state,explicit_user,1
505,personal_state,personal_state,tool_verified,1
506,factual_world,personal_state,explicit_user,0
507,recommendation,preference,explicit_user,0
508,planning,constraint,explicit_user,0
509,style,presentation,explicit_user,0
510,factual_world,world_claim,explicit_user,0
511,factual_world,world_claim,inferred,0
512,factual_world,world_claim,tool_verified,1
513,factual_world,world_claim,external_verified,1
514,personal_state,personal_state,explicit_user,1
515,personal_state,personal_state,tool_verified,1
516,factual_world,personal_state,explicit_user,0
517,recommendation,preference,explicit_user,0
518,planning,constraint,explicit_user,0
519,style,presentation,explicit_user,0
520,factual_world,world_claim,explicit_user,0
521,factual_world,world_claim,inferred,0
522,factual_world,world_claim,tool_verified,1
523,factual_world,world_claim,external_verified,1
524,personal_state,personal_state,explicit_user,1
525,personal_state,personal_state,tool_verified,1
526,factual_world,personal_state,explicit_user,0
527,recommendation,preference,explicit_user,0
528,planning,constraint,explicit_user,0
529,style,presentation,explicit_user,0
530,factual_world,world_claim,explicit_user,0
531,factual_world,world_claim,inferred,0
532,factual_world,world_claim,tool_verified,1
533,factual_world,world_claim,external_verified,1
534,personal_state,personal_state,explicit_user,1
535,personal_state,personal_state,tool_verified,1
536,factual_world,personal_state,explicit_user,0
537,recommendation,preference,explicit_user,0
538,planning,constraint,explicit_user,0
539,style,presentation,explicit_user,0
540,factual_world,world_claim,explicit_user,0
541,factual_world,world_claim,inferred,0
542,factual_world,world_claim,tool_verified,1
543,factual_world,world_claim,external_verified,1
544,personal_state,personal_state,explicit_user,1
545,personal_state,personal_state,tool_verified,1
546,factual_world,personal_state,explicit_user,0
547,recommendation,preference,explicit_user,0
548,planning,constraint,explicit_user,0
549,style,presentation,explicit_user,0
550,factual_world,world_claim,explicit_user,0
551,factual_world,world_claim,inferred,0
552,factual_world,world_claim,tool_verified,1
553,factual_world,world_claim,external_verified,1
554,personal_state,personal_state,explicit_user,1
555,personal_state,personal_state,tool_verified,1
556,factual_world,personal_state,explicit_user,0
557,recommendation,preference,explicit_user,0
558,planning,constraint,explicit_user,0
559,style,presentation,explicit_user,0
560,factual_world,world_claim,explicit_user,0
561,factual_world,world_claim,inferred,0
562,factual_world,world_claim,tool_verified,1
563,factual_world,world_claim,external_verified,1
564,personal_state,personal_state,explicit_user,1
565,personal_state,personal_state,tool_verified,1
566,factual_world,personal_state,explicit_user,0
567,recommendation,preference,explicit_user,0
568,planning,constraint,explicit_user,0
569,style,presentation,explicit_user,0
570,factual_world,world_claim,explicit_user,0
571,factual_world,world_claim,inferred,0
572,factual_world,world_claim,tool_verified,1
573,factual_world,world_claim,external_verified,1
574,personal_state,personal_state,explicit_user,1
575,personal_state,personal_state,tool_verified,1
576,factual_world,personal_state,explicit_user,0
577,recommendation,preference,explicit_user,0
578,planning,constraint,explicit_user,0
579,style,presentation,explicit_user,0
580,factual_world,world_claim,explicit_user,0
581,factual_world,world_claim,inferred,0
582,factual_world,world_claim,tool_verified,1
583,factual_world,world_claim,external_verified,1
584,personal_state,personal_state,explicit_user,1
585,personal_state,personal_state,tool_verified,1
586,factual_world,personal_state,explicit_user,0
587,recommendation,preference,explicit_user,0
588,planning,constraint,explicit_user,0
589,style,presentation,explicit_user,0
590,factual_world,world_claim,explicit_user,0
591,factual_world,world_claim,inferred,0
592,factual_world,world_claim,tool_verified,1
593,factual_world,world_claim,external_verified,1
594,personal_state,personal_state,explicit_user,1
595,personal_state,personal_state,tool_verified,1
596,factual_world,personal_state,explicit_user,0
597,recommendation,preference,explicit_user,0
598,planning,constraint,explicit_user,0
599,style,presentation,explicit_user,0
600,factual_world,world_claim,explicit_user,0
601,factual_world,world_claim,inferred,0
602,factual_world,world_claim,tool_verified,1
603,factual_world,world_claim,external_verified,1
604,personal_state,personal_state,explicit_user,1
605,personal_state,personal_state,tool_verified,1
606,factual_world,personal_state,explicit_user,0
607,recommendation,preference,explicit_user,0
608,planning,constraint,explicit_user,0
609,style,presentation,explicit_user,0
610,factual_world,world_claim,explicit_user,0
611,factual_world,world_claim,inferred,0
612,factual_world,world_claim,tool_verified,1
613,factual_world,world_claim,external_verified,1
614,personal_state,personal_state,explicit_user,1
615,personal_state,personal_state,tool_verified,1
616,factual_world,personal_state,explicit_user,0
617,recommendation,preference,explicit_user,0
618,planning,constraint,explicit_user,0
619,style,presentation,explicit_user,0
620,factual_world,world_claim,explicit_user,0
621,factual_world,world_claim,inferred,0
622,factual_world,world_claim,tool_verified,1
623,factual_world,world_claim,external_verified,1
624,personal_state,personal_state,explicit_user,1
625,personal_state,personal_state,tool_verified,1
626,factual_world,personal_state,explicit_user,0
627,recommendation,preference,explicit_user,0
628,planning,constraint,explicit_user,0
629,style,presentation,explicit_user,0
630,factual_world,world_claim,explicit_user,0
631,factual_world,world_claim,inferred,0
632,factual_world,world_claim,tool_verified,1
633,factual_world,world_claim,external_verified,1
634,personal_state,personal_state,explicit_user,1
635,personal_state,personal_state,tool_verified,1
636,factual_world,personal_state,explicit_user,0
637,recommendation,preference,explicit_user,0
638,planning,constraint,explicit_user,0
639,style,presentation,explicit_user,0
640,factual_world,world_claim,explicit_user,0
641,factual_world,world_claim,inferred,0
642,factual_world,world_claim,tool_verified,1
643,factual_world,world_claim,external_verified,1
644,personal_state,personal_state,explicit_user,1
645,personal_state,personal_state,tool_verified,1
646,factual_world,personal_state,explicit_user,0
647,recommendation,preference,explicit_user,0
648,planning,constraint,explicit_user,0
649,style,presentation,explicit_user,0
650,factual_world,world_claim,explicit_user,0
651,factual_world,world_claim,inferred,0
652,factual_world,world_claim,tool_verified,1
653,factual_world,world_claim,external_verified,1
654,personal_state,personal_state,explicit_user,1
655,personal_state,personal_state,tool_verified,1
656,factual_world,personal_state,explicit_user,0
657,recommendation,preference,explicit_user,0
658,planning,constraint,explicit_user,0
659,style,presentation,explicit_user,0
660,factual_world,world_claim,explicit_user,0
661,factual_world,world_claim,inferred,0
662,factual_world,world_claim,tool_verified,1
663,factual_world,world_claim,external_verified,1
664,personal_state,personal_state,explicit_user,1
665,personal_state,personal_state,tool_verified,1
666,factual_world,personal_state,explicit_user,0
667,recommendation,preference,explicit_user,0
668,planning,constraint,explicit_user,0
669,style,presentation,explicit_user,0
670,factual_world,world_claim,explicit_user,0
671,factual_world,world_claim,inferred,0
672,factual_world,world_claim,tool_verified,1
673,factual_world,world_claim,external_verified,1
674,personal_state,personal_state,explicit_user,1
675,personal_state,personal_state,tool_verified,1
676,factual_world,personal_state,explicit_user,0
677,recommendation,preference,explicit_user,0
678,planning,constraint,explicit_user,0
679,style,presentation,explicit_user,0
680,factual_world,world_claim,explicit_user,0
681,factual_world,world_claim,inferred,0
682,factual_world,world_claim,tool_verified,1
683,factual_world,world_claim,external_verified,1
684,personal_state,personal_state,explicit_user,1
685,personal_state,personal_state,tool_verified,1
686,factual_world,personal_state,explicit_user,0
687,recommendation,preference,explicit_user,0
688,planning,constraint,explicit_user,0
689,style,presentation,explicit_user,0
690,factual_world,world_claim,explicit_user,0
691,factual_world,world_claim,inferred,0
692,factual_world,world_claim,tool_verified,1
693,factual_world,world_claim,external_verified,1
694,personal_state,personal_state,explicit_user,1
695,personal_state,personal_state,tool_verified,1
696,factual_world,personal_state,explicit_user,0
697,recommendation,preference,explicit_user,0
698,planning,constraint,explicit_user,0
699,style,presentation,explicit_user,0
700,factual_world,world_claim,explicit_user,0
701,factual_world,world_claim,inferred,0
702,factual_world,world_claim,tool_verified,1
703,factual_world,world_claim,external_verified,1
704,personal_state,personal_state,explicit_user,1
705,personal_state,personal_state,tool_verified,1
706,factual_world,personal_state,explicit_user,0
707,recommendation,preference,explicit_user,0
708,planning,constraint,explicit_user,0
709,style,presentation,explicit_user,0
710,factual_world,world_claim,explicit_user,0
711,factual_world,world_claim,inferred,0
712,factual_world,world_claim,tool_verified,1
713,factual_world,world_claim,external_verified,1
714,personal_state,personal_state,explicit_user,1
715,personal_state,personal_state,tool_verified,1
716,factual_world,personal_state,explicit_user,0
717,recommendation,preference,explicit_user,0
718,planning,constraint,explicit_user,0
719,style,presentation,explicit_user,0
720,factual_world,world_claim,explicit_user,0
721,factual_world,world_claim,inferred,0
722,factual_world,world_claim,tool_verified,1
723,factual_world,world_claim,external_verified,1
724,personal_state,personal_state,explicit_user,1
725,personal_state,personal_state,tool_verified,1
726,factual_world,personal_state,explicit_user,0
727,recommendation,preference,explicit_user,0
728,planning,constraint,explicit_user,0
729,style,presentation,explicit_user,0
730,factual_world,world_claim,explicit_user,0
731,factual_world,world_claim,inferred,0
732,factual_world,world_claim,tool_verified,1
733,factual_world,world_claim,external_verified,1
734,personal_state,personal_state,explicit_user,1
735,personal_state,personal_state,tool_verified,1
736,factual_world,personal_state,explicit_user,0
737,recommendation,preference,explicit_user,0
738,planning,constraint,explicit_user,0
739,style,presentation,explicit_user,0
740,factual_world,world_claim,explicit_user,0
741,factual_world,world_claim,inferred,0
742,factual_world,world_claim,tool_verified,1
743,factual_world,world_claim,external_verified,1
744,personal_state,personal_state,explicit_user,1
745,personal_state,personal_state,tool_verified,1
746,factual_world,personal_state,explicit_user,0
747,recommendation,preference,explicit_user,0
748,planning,constraint,explicit_user,0
749,style,presentation,explicit_user,0
750,factual_world,world_claim,explicit_user,0
751,factual_world,world_claim,inferred,0
752,factual_world,world_claim,tool_verified,1
753,factual_world,world_claim,external_verified,1
754,personal_state,personal_state,explicit_user,1
755,personal_state,personal_state,tool_verified,1
756,factual_world,personal_state,explicit_user,0
757,recommendation,preference,explicit_user,0
758,planning,constraint,explicit_user,0
759,style,presentation,explicit_user,0
760,factual_world,world_claim,explicit_user,0
761,factual_world,world_claim,inferred,0
762,factual_world,world_claim,tool_verified,1
763,factual_world,world_claim,external_verified,1
764,personal_state,personal_state,explicit_user,1
765,personal_state,personal_state,tool_verified,1
766,factual_world,personal_state,explicit_user,0
767,recommendation,preference,explicit_user,0
768,planning,constraint,explicit_user,0
769,style,presentation,explicit_user,0
770,factual_world,world_claim,explicit_user,0
771,factual_world,world_claim,inferred,0
772,factual_world,world_claim,tool_verified,1
773,factual_world,world_claim,external_verified,1
774,personal_state,personal_state,explicit_user,1
775,personal_state,personal_state,tool_verified,1
776,factual_world,personal_state,explicit_user,0
777,recommendation,preference,explicit_user,0
778,planning,constraint,explicit_user,0
779,style,presentation,explicit_user,0
780,factual_world,world_claim,explicit_user,0
781,factual_world,world_claim,inferred,0
782,factual_world,world_claim,tool_verified,1
783,factual_world,world_claim,external_verified,1
784,personal_state,personal_state,explicit_user,1
785,personal_state,personal_state,tool_verified,1
786,factual_world,personal_state,explicit_user,0
787,recommendation,preference,explicit_user,0
788,planning,constraint,explicit_user,0
789,style,presentation,explicit_user,0
790,factual_world,world_claim,explicit_user,0
791,factual_world,world_claim,inferred,0
792,factual_world,world_claim,tool_verified,1
793,factual_world,world_claim,external_verified,1
794,personal_state,personal_state,explicit_user,1
795,personal_state,personal_state,tool_verified,1
796,factual_world,personal_state,explicit_user,0
797,recommendation,preference,explicit_user,0
798,planning,constraint,explicit_user,0
799,style,presentation,explicit_user,0
800,factual_world,world_claim,explicit_user,0
801,factual_world,world_claim,inferred,0
802,factual_world,world_claim,tool_verified,1
803,factual_world,world_claim,external_verified,1
804,personal_state,personal_state,explicit_user,1
805,personal_state,personal_state,tool_verified,1
806,factual_world,personal_state,explicit_user,0
807,recommendation,preference,explicit_user,0
808,planning,constraint,explicit_user,0
809,style,presentation,explicit_user,0
810,factual_world,world_claim,explicit_user,0
811,factual_world,world_claim,inferred,0
812,factual_world,world_claim,tool_verified,1
813,factual_world,world_claim,external_verified,1
814,personal_state,personal_state,explicit_user,1
815,personal_state,personal_state,tool_verified,1
816,factual_world,personal_state,explicit_user,0
817,recommendation,preference,explicit_user,0
818,planning,constraint,explicit_user,0
819,style,presentation,explicit_user,0
820,factual_world,world_claim,explicit_user,0
821,factual_world,world_claim,inferred,0
822,factual_world,world_claim,tool_verified,1
823,factual_world,world_claim,external_verified,1
824,personal_state,personal_state,explicit_user,1
825,personal_state,personal_state,tool_verified,1
826,factual_world,personal_state,explicit_user,0
827,recommendation,preference,explicit_user,0
828,planning,constraint,explicit_user,0
829,style,presentation,explicit_user,0
830,factual_world,world_claim,explicit_user,0
831,factual_world,world_claim,inferred,0
832,factual_world,world_claim,tool_verified,1
833,factual_world,world_claim,external_verified,1
834,personal_state,personal_state,explicit_user,1
835,personal_state,personal_state,tool_verified,1
836,factual_world,personal_state,explicit_user,0
837,recommendation,preference,explicit_user,0
838,planning,constraint,explicit_user,0
839,style,presentation,explicit_user,0
840,factual_world,world_claim,explicit_user,0
841,factual_world,world_claim,inferred,0
842,factual_world,world_claim,tool_verified,1
843,factual_world,world_claim,external_verified,1
844,personal_state,personal_state,explicit_user,1
845,personal_state,personal_state,tool_verified,1
846,factual_world,personal_state,explicit_user,0
847,recommendation,preference,explicit_user,0
848,planning,constraint,explicit_user,0
849,style,presentation,explicit_user,0
850,factual_world,world_claim,explicit_user,0
851,factual_world,world_claim,inferred,0
852,factual_world,world_claim,tool_verified,1
853,factual_world,world_claim,external_verified,1
854,personal_state,personal_state,explicit_user,1
855,personal_state,personal_state,tool_verified,1
856,factual_world,personal_state,explicit_user,0
857,recommendation,preference,explicit_user,0
858,planning,constraint,explicit_user,0
859,style,presentation,explicit_user,0
860,factual_world,world_claim,explicit_user,0
861,factual_world,world_claim,inferred,0
862,factual_world,world_claim,tool_verified,1
863,factual_world,world_claim,external_verified,1
864,personal_state,personal_state,explicit_user,1
865,personal_state,personal_state,tool_verified,1
866,factual_world,personal_state,explicit_user,0
867,recommendation,preference,explicit_user,0
868,planning,constraint,explicit_user,0
869,style,presentation,explicit_user,0
870,factual_world,world_claim,explicit_user,0
871,factual_world,world_claim,inferred,0
872,factual_world,world_claim,tool_verified,1
873,factual_world,world_claim,external_verified,1
874,personal_state,personal_state,explicit_user,1
875,personal_state,personal_state,tool_verified,1
876,factual_world,personal_state,explicit_user,0
877,recommendation,preference,explicit_user,0
878,planning,constraint,explicit_user,0
879,style,presentation,explicit_user,0
880,factual_world,world_claim,explicit_user,0
881,factual_world,world_claim,inferred,0
882,factual_world,world_claim,tool_verified,1
883,factual_world,world_claim,external_verified,1
884,personal_state,personal_state,explicit_user,1
885,personal_state,personal_state,tool_verified,1
886,factual_world,personal_state,explicit_user,0
887,recommendation,preference,explicit_user,0
888,planning,constraint,explicit_user,0
889,style,presentation,explicit_user,0
890,factual_world,world_claim,explicit_user,0
891,factual_world,world_claim,inferred,0
892,factual_world,world_claim,tool_verified,1
893,factual_world,world_claim,external_verified,1
894,personal_state,personal_state,explicit_user,1
895,personal_state,personal_state,tool_verified,1
896,factual_world,personal_state,explicit_user,0
897,recommendation,preference,explicit_user,0
898,planning,constraint,explicit_user,0
899,style,presentation,explicit_user,0
900,factual_world,world_claim,explicit_user,0
901,factual_world,world_claim,inferred,0
902,factual_world,world_claim,tool_verified,1
903,factual_world,world_claim,external_verified,1
904,personal_state,personal_state,explicit_user,1
905,personal_state,personal_state,tool_verified,1
906,factual_world,personal_state,explicit_user,0
907,recommendation,preference,explicit_user,0
908,planning,constraint,explicit_user,0
909,style,presentation,explicit_user,0
910,factual_world,world_claim,explicit_user,0
911,factual_world,world_claim,inferred,0
912,factual_world,world_claim,tool_verified,1
913,factual_world,world_claim,external_verified,1
914,personal_state,personal_state,explicit_user,1
915,personal_state,personal_state,tool_verified,1
916,factual_world,personal_state,explicit_user,0
917,recommendation,preference,explicit_user,0
918,planning,constraint,explicit_user,0
919,style,presentation,explicit_user,0
920,factual_world,world_claim,explicit_user,0
921,factual_world,world_claim,inferred,0
922,factual_world,world_claim,tool_verified,1
923,factual_world,world_claim,external_verified,1
924,personal_state,personal_state,explicit_user,1
925,personal_state,personal_state,tool_verified,1
926,factual_world,personal_state,explicit_user,0
927,recommendation,preference,explicit_user,0
928,planning,constraint,explicit_user,0
929,style,presentation,explicit_user,0
930,factual_world,world_claim,explicit_user,0
931,factual_world,world_claim,inferred,0
932,factual_world,world_claim,tool_verified,1
933,factual_world,world_claim,external_verified,1
934,personal_state,personal_state,explicit_user,1
935,personal_state,personal_state,tool_verified,1
936,factual_world,personal_state,explicit_user,0
937,recommendation,preference,explicit_user,0
938,planning,constraint,explicit_user,0
939,style,presentation,explicit_user,0
940,factual_world,world_claim,explicit_user,0
941,factual_world,world_claim,inferred,0
942,factual_world,world_claim,tool_verified,1
943,factual_world,world_claim,external_verified,1
944,personal_state,personal_state,explicit_user,1
945,personal_state,personal_state,tool_verified,1
946,factual_world,personal_state,explicit_user,0
947,recommendation,preference,explicit_user,0
948,planning,constraint,explicit_user,0
949,style,presentation,explicit_user,0
950,factual_world,world_claim,explicit_user,0
951,factual_world,world_claim,inferred,0
952,factual_world,world_claim,tool_verified,1
953,factual_world,world_claim,external_verified,1
954,personal_state,personal_state,explicit_user,1
955,personal_state,personal_state,tool_verified,1
956,factual_world,personal_state,explicit_user,0
957,recommendation,preference,explicit_user,0
958,planning,constraint,explicit_user,0
959,style,presentation,explicit_user,0
960,factual_world,world_claim,explicit_user,0
961,factual_world,world_claim,inferred,0
962,factual_world,world_claim,tool_verified,1
963,factual_world,world_claim,external_verified,1
964,personal_state,personal_state,explicit_user,1
965,personal_state,personal_state,tool_verified,1
966,factual_world,personal_state,explicit_user,0
967,recommendation,preference,explicit_user,0
968,planning,constraint,explicit_user,0
969,style,presentation,explicit_user,0
970,factual_world,world_claim,explicit_user,0
971,factual_world,world_claim,inferred,0
972,factual_world,world_claim,tool_verified,1
973,factual_world,world_claim,external_verified,1
974,personal_state,personal_state,explicit_user,1
975,personal_state,personal_state,tool_verified,1
976,factual_world,personal_state,explicit_user,0
977,recommendation,preference,explicit_user,0
978,planning,constraint,explicit_user,0
979,style,presentation,explicit_user,0
980,factual_world,world_claim,explicit_user,0
981,factual_world,world_claim,inferred,0
982,factual_world,world_claim,tool_verified,1
983,factual_world,world_claim,external_verified,1
984,personal_state,personal_state,explicit_user,1
985,personal_state,personal_state,tool_verified,1
986,factual_world,personal_state,explicit_user,0
987,recommendation,preference,explicit_user,0
988,planning,constraint,explicit_user,0
989,style,presentation,explicit_user,0
990,factual_world,world_claim,explicit_user,0
991,factual_world,world_claim,inferred,0
992,factual_world,world_claim,tool_verified,1
993,factual_world,world_claim,external_verified,1
994,personal_state,personal_state,explicit_user,1
995,personal_state,personal_state,tool_verified,1
996,factual_world,personal_state,explicit_user,0
997,recommendation,preference,explicit_user,0
998,planning,constraint,explicit_user,0
999,style,presentation,explicit_user,0
1000,factual_world,world_claim,explicit_user,0
1001,factual_world,world_claim,inferred,0
1002,factual_world,world_claim,tool_verified,1
1003,factual_world,world_claim,external_verified,1
1004,personal_state,personal_state,explicit_user,1
1005,personal_state,personal_state,tool_verified,1
1006,factual_world,personal_state,explicit_user,0
1007,recommendation,preference,explicit_user,0
1008,planning,constraint,explicit_user,0
1009,style,presentation,explicit_user,0
1010,factual_world,world_claim,explicit_user,0
1011,factual_world,world_claim,inferred,0
1012,factual_world,world_claim,tool_verified,1
1013,factual_world,world_claim,external_verified,1
1014,personal_state,personal_state,explicit_user,1
1015,personal_state,personal_state,tool_verified,1
1016,factual_world,personal_state,explicit_user,0
1017,recommendation,preference,explicit_user,0
1018,planning,constraint,explicit_user,0
1019,style,presentation,explicit_user,0
1020,factual_world,world_claim,explicit_user,0
1021,factual_world,world_claim,inferred,0
1022,factual_world,world_claim,tool_verified,1
1023,factual_world,world_claim,external_verified,1
1024,personal_state,personal_state,explicit_user,1
1025,personal_state,personal_state,tool_verified,1
1026,factual_world,personal_state,explicit_user,0
1027,recommendation,preference,explicit_user,0
1028,planning,constraint,explicit_user,0
1029,style,presentation,explicit_user,0
1030,factual_world,world_claim,explicit_user,0
1031,factual_world,world_claim,inferred,0
1032,factual_world,world_claim,tool_verified,1
1033,factual_world,world_claim,external_verified,1
1034,personal_state,personal_state,explicit_user,1
1035,personal_state,personal_state,tool_verified,1
1036,factual_world,personal_state,explicit_user,0
1037,recommendation,preference,explicit_user,0
1038,planning,constraint,explicit_user,0
1039,style,presentation,explicit_user,0
1040,factual_world,world_claim,explicit_user,0
1041,factual_world,world_claim,inferred,0
1042,factual_world,world_claim,tool_verified,1
1043,factual_world,world_claim,external_verified,1
1044,personal_state,personal_state,explicit_user,1
1045,personal_state,personal_state,tool_verified,1
1046,factual_world,personal_state,explicit_user,0
1047,recommendation,preference,explicit_user,0
1048,planning,constraint,explicit_user,0
1049,style,presentation,explicit_user,0
1050,factual_world,world_claim,explicit_user,0
1051,factual_world,world_claim,inferred,0
1052,factual_world,world_claim,tool_verified,1
1053,factual_world,world_claim,external_verified,1
1054,personal_state,personal_state,explicit_user,1
1055,personal_state,personal_state,tool_verified,1
1056,factual_world,personal_state,explicit_user,0
1057,recommendation,preference,explicit_user,0
1058,planning,constraint,explicit_user,0
1059,style,presentation,explicit_user,0
1060,factual_world,world_claim,explicit_user,0
1061,factual_world,world_claim,inferred,0
1062,factual_world,world_claim,tool_verified,1
1063,factual_world,world_claim,external_verified,1
1064,personal_state,personal_state,explicit_user,1
1065,personal_state,personal_state,tool_verified,1
1066,factual_world,personal_state,explicit_user,0
1067,recommendation,preference,explicit_user,0
1068,planning,constraint,explicit_user,0
1069,style,presentation,explicit_user,0
1070,factual_world,world_claim,explicit_user,0
1071,factual_world,world_claim,inferred,0
1072,factual_world,world_claim,tool_verified,1
1073,factual_world,world_claim,external_verified,1
1074,personal_state,personal_state,explicit_user,1
1075,personal_state,personal_state,tool_verified,1
1076,factual_world,personal_state,explicit_user,0
1077,recommendation,preference,explicit_user,0
1078,planning,constraint,explicit_user,0
1079,style,presentation,explicit_user,0
1080,factual_world,world_claim,explicit_user,0
1081,factual_world,world_claim,inferred,0
1082,factual_world,world_claim,tool_verified,1
1083,factual_world,world_claim,external_verified,1
1084,personal_state,personal_state,explicit_user,1
1085,personal_state,personal_state,tool_verified,1
1086,factual_world,personal_state,explicit_user,0
1087,recommendation,preference,explicit_user,0
1088,planning,constraint,explicit_user,0
1089,style,presentation,explicit_user,0
1090,factual_world,world_claim,explicit_user,0
1091,factual_world,world_claim,inferred,0
1092,factual_world,world_claim,tool_verified,1
1093,factual_world,world_claim,external_verified,1
1094,personal_state,personal_state,explicit_user,1
1095,personal_state,personal_state,tool_verified,1
1096,factual_world,personal_state,explicit_user,0
1097,recommendation,preference,explicit_user,0
1098,planning,constraint,explicit_user,0
1099,style,presentation,explicit_user,0
1100,factual_world,world_claim,explicit_user,0
1101,factual_world,world_claim,inferred,0
1102,factual_world,world_claim,tool_verified,1
1103,factual_world,world_claim,external_verified,1
1104,personal_state,personal_state,explicit_user,1
1105,personal_state,personal_state,tool_verified,1
1106,factual_world,personal_state,explicit_user,0
1107,recommendation,preference,explicit_user,0
1108,planning,constraint,explicit_user,0
1109,style,presentation,explicit_user,0
1110,factual_world,world_claim,explicit_user,0
1111,factual_world,world_claim,inferred,0
1112,factual_world,world_claim,tool_verified,1
1113,factual_world,world_claim,external_verified,1
1114,personal_state,personal_state,explicit_user,1
1115,personal_state,personal_state,tool_verified,1
1116,factual_world,personal_state,explicit_user,0
1117,recommendation,preference,explicit_user,0
1118,planning,constraint,explicit_user,0
1119,style,presentation,explicit_user,0
1120,factual_world,world_claim,explicit_user,0
1121,factual_world,world_claim,inferred,0
1122,factual_world,world_claim,tool_verified,1
1123,factual_world,world_claim,external_verified,1
1124,personal_state,personal_state,explicit_user,1
1125,personal_state,personal_state,tool_verified,1
1126,factual_world,personal_state,explicit_user,0
1127,recommendation,preference,explicit_user,0
1128,planning,constraint,explicit_user,0
1129,style,presentation,explicit_user,0
1130,factual_world,world_claim,explicit_user,0
1131,factual_world,world_claim,inferred,0
1132,factual_world,world_claim,tool_verified,1
1133,factual_world,world_claim,external_verified,1
1134,personal_state,personal_state,explicit_user,1
1135,personal_state,personal_state,tool_verified,1
1136,factual_world,personal_state,explicit_user,0
1137,recommendation,preference,explicit_user,0
1138,planning,constraint,explicit_user,0
1139,style,presentation,explicit_user,0
1140,factual_world,world_claim,explicit_user,0
1141,factual_world,world_claim,inferred,0
1142,factual_world,world_claim,tool_verified,1
1143,factual_world,world_claim,external_verified,1
1144,personal_state,personal_state,explicit_user,1
1145,personal_state,personal_state,tool_verified,1
1146,factual_world,personal_state,explicit_user,0
1147,recommendation,preference,explicit_user,0
1148,planning,constraint,explicit_user,0
1149,style,presentation,explicit_user,0
1150,factual_world,world_claim,explicit_user,0
1151,factual_world,world_claim,inferred,0
1152,factual_world,world_claim,tool_verified,1
1153,factual_world,world_claim,external_verified,1
1154,personal_state,personal_state,explicit_user,1
1155,personal_state,personal_state,tool_verified,1
1156,factual_world,personal_state,explicit_user,0
1157,recommendation,preference,explicit_user,0
1158,planning,constraint,explicit_user,0
1159,style,presentation,explicit_user,0
1160,factual_world,world_claim,explicit_user,0
1161,factual_world,world_claim,inferred,0
1162,factual_world,world_claim,tool_verified,1
1163,factual_world,world_claim,external_verified,1
1164,personal_state,personal_state,explicit_user,1
1165,personal_state,personal_state,tool_verified,1
1166,factual_world,personal_state,explicit_user,0
1167,recommendation,preference,explicit_user,0
1168,planning,constraint,explicit_user,0
1169,style,presentation,explicit_user,0
1170,factual_world,world_claim,explicit_user,0
1171,factual_world,world_claim,inferred,0
1172,factual_world,world_claim,tool_verified,1
1173,factual_world,world_claim,external_verified,1
1174,personal_state,personal_state,explicit_user,1
1175,personal_state,personal_state,tool_verified,1
1176,factual_world,personal_state,explicit_user,0
1177,recommendation,preference,explicit_user,0
1178,planning,constraint,explicit_user,0
1179,style,presentation,explicit_user,0
1180,factual_world,world_claim,explicit_user,0
1181,factual_world,world_claim,inferred,0
1182,factual_world,world_claim,tool_verified,1
1183,factual_world,world_claim,external_verified,1
1184,personal_state,personal_state,explicit_user,1
1185,personal_state,personal_state,tool_verified,1
1186,factual_world,personal_state,explicit_user,0
1187,recommendation,preference,explicit_user,0
1188,planning,constraint,explicit_user,0
1189,style,presentation,explicit_user,0
1190,factual_world,world_claim,explicit_user,0
1191,factual_world,world_claim,inferred,0
1192,factual_world,world_claim,tool_verified,1
1193,factual_world,world_claim,external_verified,1
1194,personal_state,personal_state,explicit_user,1
1195,personal_state,personal_state,tool_verified,1
1196,factual_world,personal_state,explicit_user,0
1197,recommendation,preference,explicit_user,0
1198,planning,constraint,explicit_user,0
1199,style,presentation,explicit_user,0
1200,factual_world,world_claim,explicit_user,0
1201,factual_world,world_claim,inferred,0
1202,factual_world,world_claim,tool_verified,1
1203,factual_world,world_claim,external_verified,1
1204,personal_state,personal_state,explicit_user,1
1205,personal_state,personal_state,tool_verified,1
1206,factual_world,personal_state,explicit_user,0
1207,recommendation,preference,explicit_user,0
1208,planning,constraint,explicit_user,0
1209,style,presentation,explicit_user,0
1210,factual_world,world_claim,explicit_user,0
1211,factual_world,world_claim,inferred,0
1212,factual_world,world_claim,tool_verified,1
1213,factual_world,world_claim,external_verified,1
1214,personal_state,personal_state,explicit_user,1
1215,personal_state,personal_state,tool_verified,1
1216,factual_world,personal_state,explicit_user,0
1217,recommendation,preference,explicit_user,0
1218,planning,constraint,explicit_user,0
1219,style,presentation,explicit_user,0
1220,factual_world,world_claim,explicit_user,0
1221,factual_world,world_claim,inferred,0
1222,factual_world,world_claim,tool_verified,1
1223,factual_world,world_claim,external_verified,1
1224,personal_state,personal_state,explicit_user,1
1225,personal_state,personal_state,tool_verified,1
1226,factual_world,personal_state,explicit_user,0
1227,recommendation,preference,explicit_user,0
1228,planning,constraint,explicit_user,0
1229,style,presentation,explicit_user,0
1230,factual_world,world_claim,explicit_user,0
1231,factual_world,world_claim,inferred,0
1232,factual_world,world_claim,tool_verified,1
1233,factual_world,world_claim,external_verified,1
1234,personal_state,personal_state,explicit_user,1
1235,personal_state,personal_state,tool_verified,1
1236,factual_world,personal_state,explicit_user,0
1237,recommendation,preference,explicit_user,0
1238,planning,constraint,explicit_user,0
1239,style,presentation,explicit_user,0
1240,factual_world,world_claim,explicit_user,0
1241,factual_world,world_claim,inferred,0
1242,factual_world,world_claim,tool_verified,1
1243,factual_world,world_claim,external_verified,1
1244,personal_state,personal_state,explicit_user,1
1245,personal_state,personal_state,tool_verified,1
1246,factual_world,personal_state,explicit_user,0
1247,recommendation,preference,explicit_user,0
1248,planning,constraint,explicit_user,0
1249,style,presentation,explicit_user,0
1250,factual_world,world_claim,explicit_user,0
1251,factual_world,world_claim,inferred,0
1252,factual_world,world_claim,tool_verified,1
1253,factual_world,world_claim,external_verified,1
1254,personal_state,personal_state,explicit_user,1
1255,personal_state,personal_state,tool_verified,1
1256,factual_world,personal_state,explicit_user,0
1257,recommendation,preference,explicit_user,0
1258,planning,constraint,explicit_user,0
1259,style,presentation,explicit_user,0
1260,factual_world,world_claim,explicit_user,0
1261,factual_world,world_claim,inferred,0
1262,factual_world,world_claim,tool_verified,1
1263,factual_world,world_claim,external_verified,1
1264,personal_state,personal_state,explicit_user,1
1265,personal_state,personal_state,tool_verified,1
1266,factual_world,personal_state,explicit_user,0
1267,recommendation,preference,explicit_user,0
1268,planning,constraint,explicit_user,0
1269,style,presentation,explicit_user,0
1270,factual_world,world_claim,explicit_user,0
1271,factual_world,world_claim,inferred,0
1272,factual_world,world_claim,tool_verified,1
1273,factual_world,world_claim,external_verified,1
1274,personal_state,personal_state,explicit_user,1
1275,personal_state,personal_state,tool_verified,1
1276,factual_world,personal_state,explicit_user,0
1277,recommendation,preference,explicit_user,0
1278,planning,constraint,explicit_user,0
1279,style,presentation,explicit_user,0
1280,factual_world,world_claim,explicit_user,0
1281,factual_world,world_claim,inferred,0
1282,factual_world,world_claim,tool_verified,1
1283,factual_world,world_claim,external_verified,1
1284,personal_state,personal_state,explicit_user,1
1285,personal_state,personal_state,tool_verified,1
1286,factual_world,personal_state,explicit_user,0
1287,recommendation,preference,explicit_user,0
1288,planning,constraint,explicit_user,0
1289,style,presentation,explicit_user,0
1290,factual_world,world_claim,explicit_user,0
1291,factual_world,world_claim,inferred,0
1292,factual_world,world_claim,tool_verified,1
1293,factual_world,world_claim,external_verified,1
1294,personal_state,personal_state,explicit_user,1
1295,personal_state,personal_state,tool_verified,1
1296,factual_world,personal_state,explicit_user,0
1297,recommendation,preference,explicit_user,0
1298,planning,constraint,explicit_user,0
1299,style,presentation,explicit_user,0
1300,factual_world,world_claim,explicit_user,0
1301,factual_world,world_claim,inferred,0
1302,factual_world,world_claim,tool_verified,1
1303,factual_world,world_claim,external_verified,1
1304,personal_state,personal_state,explicit_user,1
1305,personal_state,personal_state,tool_verified,1
1306,factual_world,personal_state,explicit_user,0
1307,recommendation,preference,explicit_user,0
1308,planning,constraint,explicit_user,0
1309,style,presentation,explicit_user,0
1310,factual_world,world_claim,explicit_user,0
1311,factual_world,world_claim,inferred,0
1312,factual_world,world_claim,tool_verified,1
1313,factual_world,world_claim,external_verified,1
1314,personal_state,personal_state,explicit_user,1
1315,personal_state,personal_state,tool_verified,1
1316,factual_world,personal_state,explicit_user,0
1317,recommendation,preference,explicit_user,0
1318,planning,constraint,explicit_user,0
1319,style,presentation,explicit_user,0
1320,factual_world,world_claim,explicit_user,0
1321,factual_world,world_claim,inferred,0
1322,factual_world,world_claim,tool_verified,1
1323,factual_world,world_claim,external_verified,1
1324,personal_state,personal_state,explicit_user,1
1325,personal_state,personal_state,tool_verified,1
1326,factual_world,personal_state,explicit_user,0
1327,recommendation,preference,explicit_user,0
1328,planning,constraint,explicit_user,0
1329,style,presentation,explicit_user,0
1330,factual_world,world_claim,explicit_user,0
1331,factual_world,world_claim,inferred,0
1332,factual_world,world_claim,tool_verified,1
1333,factual_world,world_claim,external_verified,1
1334,personal_state,personal_state,explicit_user,1
1335,personal_state,personal_state,tool_verified,1
1336,factual_world,personal_state,explicit_user,0
1337,recommendation,preference,explicit_user,0
1338,planning,constraint,explicit_user,0
1339,style,presentation,explicit_user,0
1340,factual_world,world_claim,explicit_user,0
1341,factual_world,world_claim,inferred,0
1342,factual_world,world_claim,tool_verified,1
1343,factual_world,world_claim,external_verified,1
1344,personal_state,personal_state,explicit_user,1
1345,personal_state,personal_state,tool_verified,1
1346,factual_world,personal_state,explicit_user,0
1347,recommendation,preference,explicit_user,0
1348,planning,constraint,explicit_user,0
1349,style,presentation,explicit_user,0
1350,factual_world,world_claim,explicit_user,0
1351,factual_world,world_claim,inferred,0
1352,factual_world,world_claim,tool_verified,1
1353,factual_world,world_claim,external_verified,1
1354,personal_state,personal_state,explicit_user,1
1355,personal_state,personal_state,tool_verified,1
1356,factual_world,personal_state,explicit_user,0
1357,recommendation,preference,explicit_user,0
1358,planning,constraint,explicit_user,0
1359,style,presentation,explicit_user,0
1360,factual_world,world_claim,explicit_user,0
1361,factual_world,world_claim,inferred,0
1362,factual_world,world_claim,tool_verified,1
1363,factual_world,world_claim,external_verified,1
1364,personal_state,personal_state,explicit_user,1
1365,personal_state,personal_state,tool_verified,1
1366,factual_world,personal_state,explicit_user,0
1367,recommendation,preference,explicit_user,0
1368,planning,constraint,explicit_user,0
1369,style,presentation,explicit_user,0
1370,factual_world,world_claim,explicit_user,0
1371,factual_world,world_claim,inferred,0
1372,factual_world,world_claim,tool_verified,1
1373,factual_world,world_claim,external_verified,1
1374,personal_state,personal_state,explicit_user,1
1375,personal_state,personal_state,tool_verified,1
1376,factual_world,personal_state,explicit_user,0
1377,recommendation,preference,explicit_user,0
1378,planning,constraint,explicit_user,0
1379,style,presentation,explicit_user,0
1380,factual_world,world_claim,explicit_user,0
1381,factual_world,world_claim,inferred,0
1382,factual_world,world_claim,tool_verified,1
1383,factual_world,world_claim,external_verified,1
1384,personal_state,personal_state,explicit_user,1
1385,personal_state,personal_state,tool_verified,1
1386,factual_world,personal_state,explicit_user,0
1387,recommendation,preference,explicit_user,0
1388,planning,constraint,explicit_user,0
1389,style,presentation,explicit_user,0
1390,factual_world,world_claim,explicit_user,0
1391,factual_world,world_claim,inferred,0
1392,factual_world,world_claim,tool_verified,1
1393,factual_world,world_claim,external_verified,1
1394,personal_state,personal_state,explicit_user,1
1395,personal_state,personal_state,tool_verified,1
1396,factual_world,personal_state,explicit_user,0
1397,recommendation,preference,explicit_user,0
1398,planning,constraint,explicit_user,0
1399,style,presentation,explicit_user,0
1400,factual_world,world_claim,explicit_user,0
1401,factual_world,world_claim,inferred,0
1402,factual_world,world_claim,tool_verified,1
1403,factual_world,world_claim,external_verified,1
1404,personal_state,personal_state,explicit_user,1
1405,personal_state,personal_state,tool_verified,1
1406,factual_world,personal_state,explicit_user,0
1407,recommendation,preference,explicit_user,0
1408,planning,constraint,explicit_user,0
1409,style,presentation,explicit_user,0
1410,factual_world,world_claim,explicit_user,0
1411,factual_world,world_claim,inferred,0
1412,factual_world,world_claim,tool_verified,1
1413,factual_world,world_claim,external_verified,1
1414,personal_state,personal_state,explicit_user,1
1415,personal_state,personal_state,tool_verified,1
1416,factual_world,personal_state,explicit_user,0
1417,recommendation,preference,explicit_user,0
1418,planning,constraint,explicit_user,0
1419,style,presentation,explicit_user,0
1420,factual_world,world_claim,explicit_user,0
1421,factual_world,world_claim,inferred,0
1422,factual_world,world_claim,tool_verified,1
1423,factual_world,world_claim,external_verified,1
1424,personal_state,personal_state,explicit_user,1
1425,personal_state,personal_state,tool_verified,1
1426,factual_world,personal_state,explicit_user,0
1427,recommendation,preference,explicit_user,0
1428,planning,constraint,explicit_user,0
1429,style,presentation,explicit_user,0
1430,factual_world,world_claim,explicit_user,0
1431,factual_world,world_claim,inferred,0
1432,factual_world,world_claim,tool_verified,1
1433,factual_world,world_claim,external_verified,1
1434,personal_state,personal_state,explicit_user,1
1435,personal_state,personal_state,tool_verified,1
1436,factual_world,personal_state,explicit_user,0
1437,recommendation,preference,explicit_user,0
1438,planning,constraint,explicit_user,0
1439,style,presentation,explicit_user,0
1440,factual_world,world_claim,explicit_user,0
1441,factual_world,world_claim,inferred,0
1442,factual_world,world_claim,tool_verified,1
1443,factual_world,world_claim,external_verified,1
1444,personal_state,personal_state,explicit_user,1
1445,personal_state,personal_state,tool_verified,1
1446,factual_world,personal_state,explicit_user,0
1447,recommendation,preference,explicit_user,0
1448,planning,constraint,explicit_user,0
1449,style,presentation,explicit_user,0
1450,factual_world,world_claim,explicit_user,0
1451,factual_world,world_claim,inferred,0
1452,factual_world,world_claim,tool_verified,1
1453,factual_world,world_claim,external_verified,1
1454,personal_state,personal_state,explicit_user,1
1455,personal_state,personal_state,tool_verified,1
1456,factual_world,personal_state,explicit_user,0
1457,recommendation,preference,explicit_user,0
1458,planning,constraint,explicit_user,0
1459,style,presentation,explicit_user,0
1460,factual_world,world_claim,explicit_user,0
1461,factual_world,world_claim,inferred,0
1462,factual_world,world_claim,tool_verified,1
1463,factual_world,world_claim,external_verified,1
1464,personal_state,personal_state,explicit_user,1
1465,personal_state,personal_state,tool_verified,1
1466,factual_world,personal_state,explicit_user,0
1467,recommendation,preference,explicit_user,0
1468,planning,constraint,explicit_user,0
1469,style,presentation,explicit_user,0
1470,factual_world,world_claim,explicit_user,0
1471,factual_world,world_claim,inferred,0
1472,factual_world,world_claim,tool_verified,1
1473,factual_world,world_claim,external_verified,1
1474,personal_state,personal_state,explicit_user,1
1475,personal_state,personal_state,tool_verified,1
1476,factual_world,personal_state,explicit_user,0
1477,recommendation,preference,explicit_user,0
1478,planning,constraint,explicit_user,0
1479,style,presentation,explicit_user,0
1480,factual_world,world_claim,explicit_user,0
1481,factual_world,world_claim,inferred,0
1482,factual_world,world_claim,tool_verified,1
1483,factual_world,world_claim,external_verified,1
1484,personal_state,personal_state,explicit_user,1
1485,personal_state,personal_state,tool_verified,1
1486,factual_world,personal_state,explicit_user,0
1487,recommendation,preference,explicit_user,0
1488,planning,constraint,explicit_user,0
1489,style,presentation,explicit_user,0
1490,factual_world,world_claim,explicit_user,0
1491,factual_world,world_claim,inferred,0
1492,factual_world,world_claim,tool_verified,1
1493,factual_world,world_claim,external_verified,1
1494,personal_state,personal_state,explicit_user,1
1495,personal_state,personal_state,tool_verified,1
1496,factual_world,personal_state,explicit_user,0
1497,recommendation,preference,explicit_user,0
1498,planning,constraint,explicit_user,0
1499,style,presentation,explicit_user,0
