experiment_id,name,status,hypothesis,setup,result,interpretation,next_decision,evidence_type,source_artifacts,reproduction_command,journal_provenance
EXP-001,Naive personalization baseline,rejected,Using all personally relevant context should improve personalization without badly damaging epistemic behavior.,Evaluate the naive policy on the frozen ProvenanceBench splits.,"Domain-OOD exact=0.368, evidence uptake=1.000, unsupported leakage=0.857 (N=912).",Personal relevance was being treated too much like evidentiary authority.,Keep as a lower-bound baseline; separate relevance from evidence standing.,canonical benchmark result,results/provenancebench_method_summary.csv,python scripts/provenancebench_learned.py,retrospective reconstruction from frozen outputs
EXP-002,Fixed firewall,rejected,Blocking personal context from the evidence channel should prevent contamination while remaining useful.,Evaluate a fixed firewall on the same frozen splits.,"Domain-OOD exact=0.526, leakage=0.000, evidence uptake=0.000 (N=912).",Leakage was replaced by evidence starvation.,Retain only as a diagnostic baseline; allow task-conditioned legitimate evidence.,canonical benchmark result,results/provenancebench_method_summary.csv,python scripts/provenancebench_learned.py,retrospective reconstruction from frozen outputs
EXP-003,Provenance-only rule,partial,Source provenance alone may be sufficient to decide evidentiary standing.,Apply a narrow explicit provenance rule across frozen splits.,"Domain-OOD exact=0.684, uptake=0.800, leakage=0.071; compositional exact=0.600.","Provenance matters but does not encode task relevance, freshness, or confidence by itself.",Learn task-conditioned standing rather than rely on source type alone.,canonical benchmark result,results/provenancebench_method_summary.csv,python scripts/provenancebench_learned.py,retrospective reconstruction from frozen outputs
EXP-004,Learned three-head PLP router,revised,A learned router can infer three standing channels and generalize beyond the training distribution.,Train three license heads with validation-only thresholds; evaluate ID/OOD/compositional/provenance splits.,"ID exact=1.000, domain-OOD=0.842, compositional=0.400, OOD leakage=0.143.",The learned decision surface fit ordinary held-out data but was brittle under structured shift.,Add small auditable validity constraints instead of hiding the failure with more capacity.,canonical benchmark result,results/provenancebench_method_summary.csv; results/provenancebench_predictions.csv,python scripts/provenancebench_learned.py,retrospective reconstruction from frozen outputs
EXP-005,Hybrid validity gates,current,Narrow stale/low-confidence/irrelevance gates can reduce leakage without collapsing into a firewall.,Apply three validity gates after the learned heads and rerun frozen splits.,"Domain-OOD exact=0.947 [0.933,0.962], compositional=0.800 [0.771,0.828], OOD leakage=0.000, uptake=0.800.",The repair improves structured-shift behavior but remains conservative.,Treat evidence starvation as the dominant remaining failure.,canonical benchmark + bootstrap result,results/provenancebench_method_summary.csv; results/provenancebench_strict_stats.csv,python scripts/provenancebench_learned.py && python scripts/provenancebench_strict_stats.py,retrospective reconstruction from frozen outputs
EXP-006,Matched provenance intervention,diagnostic,Changing only provenance should change the correct standing decision when provenance is causally relevant.,Evaluate 400 matched pairs / 800 examples with all non-provenance fields and surface text fixed.,No-provenance exact=0.500; Learned/Hybrid=0.750; provenance-only=1.000.,"Provenance is causally necessary on the isolated test, but learned transfer is incomplete.",Require this intervention in the canonical paper pipeline.,matched causal diagnostic,datasets/provenance/provenance_intervention_test.csv; results/provenancebench_method_summary.csv,python scripts/provenancebench_learned.py,retrospective reconstruction from frozen outputs
EXP-007,Calibration under shift,diagnostic,"If the evidence head generalizes, confidence should remain calibrated under shift.","Measure evidence-head ECE on ID, domain-OOD, compositional, and provenance-intervention splits.","ECE: 0.011 ID, 0.157 domain-OOD, 0.486 compositional, 0.253 provenance intervention.",Confidence degrades sharply under the same shifts that hurt standing decisions.,Report calibration beside exact match.,calibration diagnostic,results/provenancebench_calibration.csv; results/provenancebench_strict_stats.csv,python scripts/provenancebench_strict_stats.py,retrospective reconstruction from frozen outputs
EXP-008,Multi-seed stability,diagnostic,The compositional failure may mainly reflect optimizer/initialization variance.,Retrain/evaluate Learned and Hybrid PLP across seeds 0-9.,The same split-specific metrics repeated across all 10 seeds in the current linear-router setup.,"The dominant failure is structural in the representation/split, not a cherry-pickable seed.",Improve interventions/data rather than search for a favorable seed.,multi-seed stability diagnostic,results/provenancebench_multiseed.csv,python scripts/provenancebench_multiseed.py,retrospective reconstruction from frozen outputs
EXP-009,Conflicting-source authority subtest,separate,Authority selection among conflicting sources should be measured separately from standing classification.,Evaluate an explicit source-authority ranking on controlled conflict groups.,The explicit ranking rule reaches 1.000 on the controlled in-domain and held-out conflict groups.,This is a distinct specification-level subproblem and should not inflate the learned-router claim.,Keep conflict ranking separate in the paper and code.,controlled conflict subtest,results/provenancebench_method_summary.csv,python scripts/provenancebench_learned.py,retrospective reconstruction from frozen outputs
EXP-010,Trial-level failure mining,diagnostic,Remaining Hybrid PLP failures will include both unsupported leakage and starvation.,"Run the frozen task/trial/grader evaluation over 2,600 trials and mine failed state verification.",392 licensing failures; all 392 are classified as evidence starvation in the current run.,The hybrid method has become conservative rather than permissive.,Target missed valid evidence in the next data intervention.,trial/state-verification run,results/trial_eval_summary.json; results/trial_trajectories.jsonl; results/provenancebench_errors.csv,python scripts/run_trial_eval.py,retrospective reconstruction from frozen outputs
EXP-011,Failure-driven correction mixture,prepared,Failure corrections should be balanced with already-correct anchors to reduce regression risk.,Convert 392 starvation failures into corrections and sample 392 stability anchors.,784-example post-training seed: 392 corrections + 392 anchors.,"The eval-to-data loop is executable, but this is not evidence that post-training improved a model.",Use the mixture in a future real-model intervention and rerun the frozen eval.,derived post-training data artifact,datasets/post_training/failure_curriculum.jsonl; datasets/post_training/training_mixture.jsonl; results/training_mixture_manifest.json,python scripts/build_failure_curriculum.py && python scripts/build_training_mixture.py,retrospective reconstruction from frozen outputs
EXP-012,Research-candidate gate,passed,The controlled router is mature enough for the next research stage without implying production readiness.,"Apply fixed thresholds to ID/OOD/compositional exact, leakage, uptake, and trial-weighted state score.",All controlled research-candidate checks pass; trial-weighted state score=0.9246.,The controlled system is reproducible enough for external-model/human validation next.,Freeze the controlled protocol; move the next scientific risk to real-model generation and human judgment.,research-candidate gate,results/launch_gate.json,python scripts/launch_gate.py,retrospective reconstruction from frozen outputs
