path,sha256,bytes
datasets/post_training/failure_curriculum.jsonl,cc687297ecceaa0bb3a121ce58fa31653aa484fbaaf0664293d1e6b0f6a2f2ec,301314
datasets/post_training/training_mixture.jsonl,89e4820f57a9d6858371cca3fb4d828c4270a46034190e377ee131c8f84ec7a0,607778
datasets/provenance/provenance_intervention_test.csv,03f5d216e49d0f601eb859b35ec502492a9f0097063259daaa3fa4533403143d,164804
results/launch_gate.json,db5ac2b36d027973b070666189964e23bf739f217a674009a637960b9513fa0b,965
results/provenancebench_calibration.csv,17de184782ade2ea46157431e4682c6a904426934c30a036585794bcce026a06,2494
results/provenancebench_errors.csv,05cc1e180957b731d6677ac870125c6e00a4b1641b5ec7c5158c3fca458f6e6d,37768
results/provenancebench_method_summary.csv,aaec99356920d6c77539ca74f2cfae72a6db21f752ad22fc1d9fdbbd2f3dabf3,1752
results/provenancebench_multiseed.csv,358aabbf819f8c2ba65407ea11cb988ccea19ae3ae448f6615b9297ded6a754b,4544
results/provenancebench_predictions.csv,b985e1fabc5d475e1df944ee37f4d3b68f1063738bceb944af313b39857f20ff,726982
results/provenancebench_strict_stats.csv,f0bc94aa9c91f779bdf9fd14d1d482250bdc2ec9c142f85690a688e541b1634a,619
results/training_mixture_manifest.json,319773d16e4c50f34cd7a7e9c9de15fb52a1d2f8d01d477e4a3d96fb27845d2e,315
results/trial_eval_summary.json,90c51b315c184bb1721eaa8b1be5d58360381402a8573730de750b36db13c2c3,798
results/trial_trajectories.jsonl,6955b4693f4906aa03c53728c59e1bc8daaa7dc0a3430c71365f455059fee556,3408870
