split,case_id,domain,task_kind,scope,provenance,confidence,current,relevant,gold,pred
compositional_test,PB-000459,calendar,factual_world,world_claim,tool_verified,0.95,1,1,1,0
compositional_test,PB-000478,calendar,factual_world,world_claim,tool_verified,0.95,1,1,1,0
compositional_test,PB-000497,calendar,factual_world,world_claim,tool_verified,0.95,1,1,1,0
compositional_test,PB-000516,calendar,factual_world,world_claim,tool_verified,0.95,1,1,1,0
compositional_test,PB-000535,calendar,factual_world,world_claim,tool_verified,0.95,1,1,1,0
compositional_test,PB-000915,commerce,factual_world,world_claim,tool_verified,0.95,1,1,1,0
compositional_test,PB-000934,commerce,factual_world,world_claim,tool_verified,0.95,1,1,1,0
compositional_test,PB-000953,commerce,factual_world,world_claim,tool_verified,0.95,1,1,1,0
compositional_test,PB-000972,commerce,factual_world,world_claim,tool_verified,0.95,1,1,1,0
compositional_test,PB-000991,commerce,factual_world,world_claim,tool_verified,0.95,1,1,1,0
compositional_test,PB-002283,health_wellness,factual_world,world_claim,tool_verified,0.95,1,1,1,0
compositional_test,PB-002302,health_wellness,factual_world,world_claim,tool_verified,0.95,1,1,1,0
compositional_test,PB-002321,health_wellness,factual_world,world_claim,tool_verified,0.95,1,1,1,0
compositional_test,PB-002340,health_wellness,factual_world,world_claim,tool_verified,0.95,1,1,1,0
compositional_test,PB-002359,health_wellness,factual_world,world_claim,tool_verified,0.95,1,1,1,0
compositional_test,PB-003195,local_life,factual_world,world_claim,tool_verified,0.95,1,1,1,0
compositional_test,PB-003214,local_life,factual_world,world_claim,tool_verified,0.95,1,1,1,0
compositional_test,PB-003233,local_life,factual_world,world_claim,tool_verified,0.95,1,1,1,0
compositional_test,PB-003252,local_life,factual_world,world_claim,tool_verified,0.95,1,1,1,0
compositional_test,PB-003271,local_life,factual_world,world_claim,tool_verified,0.95,1,1,1,0
compositional_test,PB-000003,travel,factual_world,world_claim,tool_verified,0.95,1,1,1,0
compositional_test,PB-000022,travel,factual_world,world_claim,tool_verified,0.95,1,1,1,0
compositional_test,PB-000041,travel,factual_world,world_claim,tool_verified,0.95,1,1,1,0
compositional_test,PB-000060,travel,factual_world,world_claim,tool_verified,0.95,1,1,1,0
compositional_test,PB-000079,travel,factual_world,world_claim,tool_verified,0.95,1,1,1,0
compositional_test,PB-001371,work,factual_world,world_claim,tool_verified,0.95,1,1,1,0
compositional_test,PB-001390,work,factual_world,world_claim,tool_verified,0.95,1,1,1,0
compositional_test,PB-001409,work,factual_world,world_claim,tool_verified,0.95,1,1,1,0
compositional_test,PB-001428,work,factual_world,world_claim,tool_verified,0.95,1,1,1,0
compositional_test,PB-001447,work,factual_world,world_claim,tool_verified,0.95,1,1,1,0
ood_test,PB-002739,education,factual_world,world_claim,tool_verified,0.95,1,1,1,0
ood_test,PB-002758,education,factual_world,world_claim,tool_verified,0.95,1,1,1,0
ood_test,PB-002777,education,factual_world,world_claim,tool_verified,0.95,1,1,1,0
ood_test,PB-002796,education,factual_world,world_claim,tool_verified,0.95,1,1,1,0
ood_test,PB-002815,education,factual_world,world_claim,tool_verified,0.95,1,1,1,0
ood_test,PB-001827,finance,factual_world,world_claim,tool_verified,0.95,1,1,1,0
ood_test,PB-001846,finance,factual_world,world_claim,tool_verified,0.95,1,1,1,0
ood_test,PB-001865,finance,factual_world,world_claim,tool_verified,0.95,1,1,1,0
ood_test,PB-001884,finance,factual_world,world_claim,tool_verified,0.95,1,1,1,0
ood_test,PB-001903,finance,factual_world,world_claim,tool_verified,0.95,1,1,1,0
provenance_intervention,PI-0050-1,calendar,factual_world,world_claim,tool_verified,0.95,1,1,1,0
provenance_intervention,PI-0052-1,calendar,factual_world,world_claim,tool_verified,0.95,1,1,1,0
provenance_intervention,PI-0054-1,calendar,factual_world,world_claim,tool_verified,0.95,1,1,1,0
provenance_intervention,PI-0056-1,calendar,factual_world,world_claim,tool_verified,0.95,1,1,1,0
provenance_intervention,PI-0058-1,calendar,factual_world,world_claim,tool_verified,0.95,1,1,1,0
provenance_intervention,PI-0100-1,commerce,factual_world,world_claim,tool_verified,0.95,1,1,1,0
provenance_intervention,PI-0102-1,commerce,factual_world,world_claim,tool_verified,0.95,1,1,1,0
provenance_intervention,PI-0104-1,commerce,factual_world,world_claim,tool_verified,0.95,1,1,1,0
provenance_intervention,PI-0106-1,commerce,factual_world,world_claim,tool_verified,0.95,1,1,1,0
provenance_intervention,PI-0108-1,commerce,factual_world,world_claim,tool_verified,0.95,1,1,1,0
provenance_intervention,PI-0300-1,education,factual_world,world_claim,tool_verified,0.95,1,1,1,0
provenance_intervention,PI-0302-1,education,factual_world,world_claim,tool_verified,0.95,1,1,1,0
provenance_intervention,PI-0304-1,education,factual_world,world_claim,tool_verified,0.95,1,1,1,0
provenance_intervention,PI-0306-1,education,factual_world,world_claim,tool_verified,0.95,1,1,1,0
provenance_intervention,PI-0308-1,education,factual_world,world_claim,tool_verified,0.95,1,1,1,0
provenance_intervention,PI-0200-1,finance,factual_world,world_claim,tool_verified,0.95,1,1,1,0
provenance_intervention,PI-0202-1,finance,factual_world,world_claim,tool_verified,0.95,1,1,1,0
provenance_intervention,PI-0204-1,finance,factual_world,world_claim,tool_verified,0.95,1,1,1,0
provenance_intervention,PI-0206-1,finance,factual_world,world_claim,tool_verified,0.95,1,1,1,0
provenance_intervention,PI-0208-1,finance,factual_world,world_claim,tool_verified,0.95,1,1,1,0
provenance_intervention,PI-0250-1,health,factual_world,world_claim,tool_verified,0.95,1,1,1,0
provenance_intervention,PI-0252-1,health,factual_world,world_claim,tool_verified,0.95,1,1,1,0
provenance_intervention,PI-0254-1,health,factual_world,world_claim,tool_verified,0.95,1,1,1,0
provenance_intervention,PI-0256-1,health,factual_world,world_claim,tool_verified,0.95,1,1,1,0
provenance_intervention,PI-0258-1,health,factual_world,world_claim,tool_verified,0.95,1,1,1,0
provenance_intervention,PI-0350-1,local_life,factual_world,world_claim,tool_verified,0.95,1,1,1,0
provenance_intervention,PI-0352-1,local_life,factual_world,world_claim,tool_verified,0.95,1,1,1,0
provenance_intervention,PI-0354-1,local_life,factual_world,world_claim,tool_verified,0.95,1,1,1,0
provenance_intervention,PI-0356-1,local_life,factual_world,world_claim,tool_verified,0.95,1,1,1,0
provenance_intervention,PI-0358-1,local_life,factual_world,world_claim,tool_verified,0.95,1,1,1,0
provenance_intervention,PI-0000-1,travel,factual_world,world_claim,tool_verified,0.95,1,1,1,0
provenance_intervention,PI-0002-1,travel,factual_world,world_claim,tool_verified,0.95,1,1,1,0
provenance_intervention,PI-0004-1,travel,factual_world,world_claim,tool_verified,0.95,1,1,1,0
provenance_intervention,PI-0006-1,travel,factual_world,world_claim,tool_verified,0.95,1,1,1,0
provenance_intervention,PI-0008-1,travel,factual_world,world_claim,tool_verified,0.95,1,1,1,0
provenance_intervention,PI-0150-1,work,factual_world,world_claim,tool_verified,0.95,1,1,1,0
provenance_intervention,PI-0152-1,work,factual_world,world_claim,tool_verified,0.95,1,1,1,0
provenance_intervention,PI-0154-1,work,factual_world,world_claim,tool_verified,0.95,1,1,1,0
provenance_intervention,PI-0156-1,work,factual_world,world_claim,tool_verified,0.95,1,1,1,0
provenance_intervention,PI-0158-1,work,factual_world,world_claim,tool_verified,0.95,1,1,1,0
