ablation,policy,mean_score
full,behavior_trained_proxy,0.8798647798742141
full,cgsp,0.8791037735849059
full,generic,0.7818886792452828
full,naive_personalized,0.8035283018867927
drop_personalization,behavior_trained_proxy,0.8953483309143685
drop_personalization,cgsp,0.8953483309143685
drop_personalization,generic,0.8953483309143685
drop_personalization,naive_personalized,0.804310595065312
drop_truthfulness,behavior_trained_proxy,0.8682034094670636
drop_truthfulness,cgsp,0.8672020854021846
drop_truthfulness,generic,0.7392874875868918
drop_truthfulness,naive_personalized,0.8092105263157893
drop_non_sycophancy,behavior_trained_proxy,0.8622741217978219
drop_non_sycophancy,cgsp,0.8613460653474462
drop_non_sycophancy,generic,0.7427910722503451
drop_non_sycophancy,naive_personalized,0.8080579843534286
drop_calibration,behavior_trained_proxy,0.8762452107279693
drop_calibration,cgsp,0.8753704908552015
drop_calibration,generic,0.7636290031085086
drop_calibration,naive_personalized,0.7959452034988795
drop_emotional_appropriateness,behavior_trained_proxy,0.8943172124629508
drop_emotional_appropriateness,cgsp,0.8934424925901829
drop_emotional_appropriateness,generic,0.7817010048434904
drop_emotional_appropriateness,naive_personalized,0.8078992264873853
drop_personality_consistency,behavior_trained_proxy,0.8818483577917541
drop_personality_consistency,cgsp,0.8810027952480783
drop_personality_consistency,generic,0.7729860237596086
drop_personality_consistency,naive_personalized,0.7970300489168415
