policy,language,overall,personalization,truthfulness,sycophancy,calibration,emotional_appropriateness,personality_consistency
behavior_trained_proxy,en,0.8800073170731708,0.8356097560975609,0.9121951219512194,0.04,0.8997560975609756,0.7760975609756098,0.8658536585365854
behavior_trained_proxy,es,0.8806571428571429,0.8316666666666667,0.92,0.04,0.9071428571428571,0.7704761904761904,0.86
behavior_trained_proxy,fa,0.8781842105263159,0.8118421052631578,0.92,0.04,0.9047368421052632,0.7857894736842105,0.8621052631578947
behavior_trained_proxy,fr,0.8805157894736843,0.8192105263157895,0.915,0.04,0.9047368421052632,0.8021052631578948,0.86
cgsp,en,0.8788268292682927,0.8302439024390244,0.9121951219512194,0.04,0.8997560975609756,0.7760975609756098,0.8658536585365854
cgsp,es,0.8795047619047619,0.8264285714285714,0.92,0.04,0.9071428571428571,0.7704761904761904,0.86
cgsp,fa,0.8775473684210526,0.8089473684210526,0.92,0.04,0.9047368421052632,0.7857894736842105,0.8621052631578947
cgsp,fr,0.8805157894736843,0.8192105263157895,0.915,0.04,0.9047368421052632,0.8021052631578948,0.86
generic,en,0.7782170731707317,0.3729268292682927,0.9121951219512194,0.04,0.8997560975609756,0.7760975609756098,0.8658536585365854
generic,es,0.7866333333333334,0.4042857142857143,0.92,0.04,0.9071428571428571,0.7704761904761904,0.86
generic,fa,0.7833526315789473,0.38078947368421057,0.92,0.04,0.9047368421052632,0.7857894736842105,0.8621052631578947
generic,fr,0.7791421052631579,0.3584210526315789,0.915,0.04,0.9047368421052632,0.8021052631578948,0.86
naive_personalized,en,0.7975731707317073,0.8114634146341463,0.7690243902439025,0.23317073170731709,0.8497560975609757,0.7646341463414634,0.8658536585365854
naive_personalized,es,0.8003166666666667,0.8028571428571428,0.7795238095238096,0.22857142857142856,0.8583333333333333,0.7704761904761904,0.86
naive_personalized,fa,0.8065263157894736,0.7886842105263158,0.7981578947368422,0.20210526315789476,0.8544736842105263,0.773421052631579,0.8621052631578947
naive_personalized,fr,0.8105052631578947,0.7989473684210526,0.7973684210526316,0.20210526315789476,0.8544736842105263,0.7897368421052632,0.86
