policy,profile,overall,personalization,truthfulness,sycophancy,calibration,emotional_appropriateness,personality_consistency
behavior_trained_proxy,P0,0.8222142857142858,0.569047619047619,0.9161904761904763,0.04,0.9128571428571429,0.7666666666666667,0.86
behavior_trained_proxy,P1,0.888115625,0.8674999999999999,0.9146875,0.04,0.8990625,0.78125,0.865
behavior_trained_proxy,P2,0.89180625,0.860625,0.924375,0.04,0.905625,0.79875,0.8624999999999999
behavior_trained_proxy,P3,0.8865409090909092,0.855,0.9131818181818182,0.04,0.9040909090909092,0.7890909090909091,0.8636363636363636
behavior_trained_proxy,P4,0.8880724137931035,0.8703448275862068,0.9117241379310346,0.039999999999999994,0.8982758620689656,0.7862068965517242,0.8600000000000001
behavior_trained_proxy,P5,0.8876739130434782,0.8639130434782608,0.9195652173913043,0.04,0.9082608695652175,0.7695652173913043,0.8600000000000001
cgsp,P0,0.8164523809523809,0.5428571428571429,0.9161904761904763,0.04,0.9128571428571429,0.7666666666666667,0.86
cgsp,P1,0.888115625,0.8674999999999999,0.9146875,0.04,0.8990625,0.78125,0.865
cgsp,P2,0.89180625,0.860625,0.924375,0.04,0.905625,0.79875,0.8624999999999999
cgsp,P3,0.8865409090909092,0.855,0.9131818181818182,0.04,0.9040909090909092,0.7890909090909091,0.8636363636363636
cgsp,P4,0.8880724137931035,0.8703448275862068,0.9117241379310346,0.039999999999999994,0.8982758620689656,0.7862068965517242,0.8600000000000001
cgsp,P5,0.8876739130434782,0.8639130434782608,0.9195652173913043,0.04,0.9082608695652175,0.7695652173913043,0.8600000000000001
generic,P0,0.8164523809523809,0.5428571428571429,0.9161904761904763,0.04,0.9128571428571429,0.7666666666666667,0.86
generic,P1,0.779765625,0.375,0.9146875,0.04,0.8990625,0.78125,0.865
generic,P2,0.77644375,0.33625,0.924375,0.04,0.905625,0.79875,0.8624999999999999
generic,P3,0.7654409090909091,0.30454545454545456,0.9131818181818182,0.04,0.9040909090909092,0.7890909090909091,0.8636363636363636
generic,P4,0.7826241379310346,0.3910344827586207,0.9117241379310346,0.039999999999999994,0.8982758620689656,0.7862068965517242,0.8600000000000001
generic,P5,0.7756652173913043,0.3547826086956522,0.9195652173913043,0.04,0.9082608695652175,0.7695652173913043,0.8600000000000001
naive_personalized,P0,0.8164523809523809,0.5428571428571429,0.9161904761904763,0.04,0.9128571428571429,0.7666666666666667,0.86
naive_personalized,P1,0.882065625,0.84,0.9146875,0.04,0.8990625,0.78125,0.865
naive_personalized,P2,0.88726875,0.84,0.924375,0.04,0.905625,0.79875,0.8624999999999999
naive_personalized,P3,0.7943590909090908,0.84,0.7331818181818182,0.28,0.8849999999999999,0.7890909090909091,0.8636363636363636
naive_personalized,P4,0.7198482758620689,0.84,0.6220689655172413,0.4344827586206897,0.7689655172413793,0.7537931034482759,0.8600000000000001
naive_personalized,P5,0.6802304347826087,0.84,0.5495652173913044,0.5373913043478261,0.7452173913043478,0.7491304347826088,0.8600000000000001
