comparison,metric,mean_difference,ci_low,ci_high,paired_d,n_pairs
cgsp - behavior_trained_proxy,allowed_personalization_gain,0.010731707317073161,0.008585365853658529,0.013012195121951209,0.32859742687957666,820
cgsp - behavior_trained_proxy,protected_epistemic_drift,0.0,0.0,0.0,inf,820
cgsp - behavior_trained_proxy,contract_score,0.010731707317073161,0.008585365853658529,0.013012195121951209,0.32859742687957666,820
cgsp - behavior_trained_proxy,contract_pass,0.0975609756097561,0.07804878048780488,0.11829268292682926,0.32859742687957666,820
cgsp - generic,allowed_personalization_gain,0.5702439024390245,0.5596707317073171,0.5808170731707317,3.765984235512011,820
cgsp - generic,protected_epistemic_drift,0.0,0.0,0.0,inf,820
cgsp - generic,contract_score,0.5702439024390245,0.5596707317073172,0.5801951219512195,3.765984235512011,820
cgsp - generic,contract_pass,1.0,1.0,1.0,inf,820
cgsp - naive_personalized,allowed_personalization_gain,0.010731707317073161,0.008585365853658529,0.013012195121951209,0.32859742687957666,820
cgsp - naive_personalized,protected_epistemic_drift,-0.06341463414634145,-0.07230548780487804,-0.054439024390243895,-0.4835382476709376,820
cgsp - naive_personalized,contract_score,0.07414634146341462,0.06541371951219511,0.0835246951219512,0.570298740875491,820
cgsp - naive_personalized,contract_pass,0.2926829268292683,0.2634146341463415,0.3231707317073171,0.642875164952235,820
