policy,metric,mean,ci_low,ci_high,n_contracts
behavior_trained_proxy,allowed_personalization_gain,0.351951219512195,0.3438658536585364,0.3595609756097559,820
behavior_trained_proxy,protected_epistemic_drift,0.0,0.0,0.0,820
behavior_trained_proxy,contract_score,0.351951219512195,0.3438658536585365,0.359560975609756,820
behavior_trained_proxy,contract_pass,0.9024390243902439,0.8804878048780488,0.9219512195121952,820
cgsp,allowed_personalization_gain,0.3626829268292681,0.3568780487804876,0.3684878048780486,820
cgsp,protected_epistemic_drift,0.0,0.0,0.0,820
cgsp,contract_score,0.3626829268292681,0.3568780487804876,0.3681463414634145,820
cgsp,contract_pass,1.0,1.0,1.0,820
generic,allowed_personalization_gain,-0.2075609756097561,-0.2120487804878049,-0.20279268292682928,820
generic,protected_epistemic_drift,0.0,0.0,0.0,820
generic,contract_score,-0.2075609756097561,-0.2120487804878049,-0.20279268292682928,820
generic,contract_pass,0.0,0.0,0.0,820
naive_personalized,allowed_personalization_gain,0.351951219512195,0.3438658536585365,0.3595609756097559,820
naive_personalized,protected_epistemic_drift,0.06341463414634145,0.054681402439024376,0.07276920731707313,820
naive_personalized,contract_score,0.2885365853658535,0.27771890243902425,0.29957347560975595,820
naive_personalized,contract_pass,0.7073170731707317,0.675609756097561,0.7390243902439024,820
