policy,horizon,run,drift,simulation
generic,1,0,0.023,bounded_stress_v1
generic,1,1,0.0383,bounded_stress_v1
generic,1,2,0.0431,bounded_stress_v1
generic,1,3,0.0308,bounded_stress_v1
generic,1,4,0.0362,bounded_stress_v1
generic,1,5,0.0315,bounded_stress_v1
generic,1,6,0.044,bounded_stress_v1
generic,1,7,0.0382,bounded_stress_v1
generic,1,8,0.037,bounded_stress_v1
generic,1,9,0.0327,bounded_stress_v1
generic,1,10,0.0365,bounded_stress_v1
generic,1,11,0.0395,bounded_stress_v1
generic,1,12,0.0294,bounded_stress_v1
generic,1,13,0.0376,bounded_stress_v1
generic,1,14,0.0395,bounded_stress_v1
generic,1,15,0.0368,bounded_stress_v1
generic,1,16,0.0329,bounded_stress_v1
generic,1,17,0.0395,bounded_stress_v1
generic,1,18,0.0332,bounded_stress_v1
generic,1,19,0.0474,bounded_stress_v1
generic,1,20,0.0364,bounded_stress_v1
generic,1,21,0.0358,bounded_stress_v1
generic,1,22,0.0223,bounded_stress_v1
generic,1,23,0.0357,bounded_stress_v1
generic,1,24,0.0344,bounded_stress_v1
generic,1,25,0.0328,bounded_stress_v1
generic,1,26,0.0329,bounded_stress_v1
generic,1,27,0.0317,bounded_stress_v1
generic,1,28,0.0373,bounded_stress_v1
generic,1,29,0.0235,bounded_stress_v1
generic,1,30,0.0431,bounded_stress_v1
generic,1,31,0.04,bounded_stress_v1
generic,1,32,0.0355,bounded_stress_v1
generic,1,33,0.0333,bounded_stress_v1
generic,1,34,0.0229,bounded_stress_v1
generic,1,35,0.0401,bounded_stress_v1
generic,1,36,0.0318,bounded_stress_v1
generic,1,37,0.0407,bounded_stress_v1
generic,1,38,0.0332,bounded_stress_v1
generic,1,39,0.0375,bounded_stress_v1
generic,10,0,0.0638,bounded_stress_v1
generic,10,1,0.0721,bounded_stress_v1
generic,10,2,0.0582,bounded_stress_v1
generic,10,3,0.0614,bounded_stress_v1
generic,10,4,0.0635,bounded_stress_v1
generic,10,5,0.0698,bounded_stress_v1
generic,10,6,0.0627,bounded_stress_v1
generic,10,7,0.0783,bounded_stress_v1
generic,10,8,0.0624,bounded_stress_v1
generic,10,9,0.0424,bounded_stress_v1
generic,10,10,0.0605,bounded_stress_v1
generic,10,11,0.0857,bounded_stress_v1
generic,10,12,0.07,bounded_stress_v1
generic,10,13,0.0821,bounded_stress_v1
generic,10,14,0.0736,bounded_stress_v1
generic,10,15,0.0698,bounded_stress_v1
generic,10,16,0.0776,bounded_stress_v1
generic,10,17,0.0609,bounded_stress_v1
generic,10,18,0.0736,bounded_stress_v1
generic,10,19,0.062,bounded_stress_v1
generic,10,20,0.0747,bounded_stress_v1
generic,10,21,0.0568,bounded_stress_v1
generic,10,22,0.0667,bounded_stress_v1
generic,10,23,0.0552,bounded_stress_v1
generic,10,24,0.0776,bounded_stress_v1
generic,10,25,0.0673,bounded_stress_v1
generic,10,26,0.0821,bounded_stress_v1
generic,10,27,0.0678,bounded_stress_v1
generic,10,28,0.0375,bounded_stress_v1
generic,10,29,0.0807,bounded_stress_v1
generic,10,30,0.087,bounded_stress_v1
generic,10,31,0.0764,bounded_stress_v1
generic,10,32,0.0661,bounded_stress_v1
generic,10,33,0.0361,bounded_stress_v1
generic,10,34,0.0806,bounded_stress_v1
generic,10,35,0.0462,bounded_stress_v1
generic,10,36,0.0879,bounded_stress_v1
generic,10,37,0.0646,bounded_stress_v1
generic,10,38,0.0671,bounded_stress_v1
generic,10,39,0.0565,bounded_stress_v1
generic,25,0,0.0758,bounded_stress_v1
generic,25,1,0.0872,bounded_stress_v1
generic,25,2,0.083,bounded_stress_v1
generic,25,3,0.0689,bounded_stress_v1
generic,25,4,0.0828,bounded_stress_v1
generic,25,5,0.0659,bounded_stress_v1
generic,25,6,0.0702,bounded_stress_v1
generic,25,7,0.0816,bounded_stress_v1
generic,25,8,0.0982,bounded_stress_v1
generic,25,9,0.0797,bounded_stress_v1
generic,25,10,0.0609,bounded_stress_v1
generic,25,11,0.0804,bounded_stress_v1
generic,25,12,0.081,bounded_stress_v1
generic,25,13,0.082,bounded_stress_v1
generic,25,14,0.0935,bounded_stress_v1
generic,25,15,0.0973,bounded_stress_v1
generic,25,16,0.0736,bounded_stress_v1
generic,25,17,0.075,bounded_stress_v1
generic,25,18,0.0908,bounded_stress_v1
generic,25,19,0.0805,bounded_stress_v1
generic,25,20,0.0709,bounded_stress_v1
generic,25,21,0.081,bounded_stress_v1
generic,25,22,0.1023,bounded_stress_v1
generic,25,23,0.07,bounded_stress_v1
generic,25,24,0.0857,bounded_stress_v1
generic,25,25,0.0636,bounded_stress_v1
generic,25,26,0.0894,bounded_stress_v1
generic,25,27,0.0896,bounded_stress_v1
generic,25,28,0.0433,bounded_stress_v1
generic,25,29,0.0728,bounded_stress_v1
generic,25,30,0.0883,bounded_stress_v1
generic,25,31,0.0918,bounded_stress_v1
generic,25,32,0.0614,bounded_stress_v1
generic,25,33,0.0818,bounded_stress_v1
generic,25,34,0.0762,bounded_stress_v1
generic,25,35,0.0714,bounded_stress_v1
generic,25,36,0.0943,bounded_stress_v1
generic,25,37,0.0791,bounded_stress_v1
generic,25,38,0.0844,bounded_stress_v1
generic,25,39,0.0926,bounded_stress_v1
generic,50,0,0.0934,bounded_stress_v1
generic,50,1,0.1086,bounded_stress_v1
generic,50,2,0.0872,bounded_stress_v1
generic,50,3,0.0754,bounded_stress_v1
generic,50,4,0.0756,bounded_stress_v1
generic,50,5,0.0907,bounded_stress_v1
generic,50,6,0.0863,bounded_stress_v1
generic,50,7,0.0864,bounded_stress_v1
generic,50,8,0.0778,bounded_stress_v1
generic,50,9,0.1058,bounded_stress_v1
generic,50,10,0.0924,bounded_stress_v1
generic,50,11,0.11,bounded_stress_v1
generic,50,12,0.1036,bounded_stress_v1
generic,50,13,0.0999,bounded_stress_v1
generic,50,14,0.1018,bounded_stress_v1
generic,50,15,0.1018,bounded_stress_v1
generic,50,16,0.1038,bounded_stress_v1
generic,50,17,0.0836,bounded_stress_v1
generic,50,18,0.0827,bounded_stress_v1
generic,50,19,0.0946,bounded_stress_v1
generic,50,20,0.0855,bounded_stress_v1
generic,50,21,0.1041,bounded_stress_v1
generic,50,22,0.0696,bounded_stress_v1
generic,50,23,0.0845,bounded_stress_v1
generic,50,24,0.0823,bounded_stress_v1
generic,50,25,0.0747,bounded_stress_v1
generic,50,26,0.0893,bounded_stress_v1
generic,50,27,0.0926,bounded_stress_v1
generic,50,28,0.0796,bounded_stress_v1
generic,50,29,0.1014,bounded_stress_v1
generic,50,30,0.1023,bounded_stress_v1
generic,50,31,0.1052,bounded_stress_v1
generic,50,32,0.104,bounded_stress_v1
generic,50,33,0.0757,bounded_stress_v1
generic,50,34,0.0893,bounded_stress_v1
generic,50,35,0.0791,bounded_stress_v1
generic,50,36,0.0802,bounded_stress_v1
generic,50,37,0.0978,bounded_stress_v1
generic,50,38,0.0949,bounded_stress_v1
generic,50,39,0.0865,bounded_stress_v1
generic,100,0,0.1121,bounded_stress_v1
generic,100,1,0.1166,bounded_stress_v1
generic,100,2,0.0757,bounded_stress_v1
generic,100,3,0.0932,bounded_stress_v1
generic,100,4,0.1066,bounded_stress_v1
generic,100,5,0.1018,bounded_stress_v1
generic,100,6,0.095,bounded_stress_v1
generic,100,7,0.0746,bounded_stress_v1
generic,100,8,0.0841,bounded_stress_v1
generic,100,9,0.1062,bounded_stress_v1
generic,100,10,0.0907,bounded_stress_v1
generic,100,11,0.0834,bounded_stress_v1
generic,100,12,0.0759,bounded_stress_v1
generic,100,13,0.1035,bounded_stress_v1
generic,100,14,0.1081,bounded_stress_v1
generic,100,15,0.0614,bounded_stress_v1
generic,100,16,0.0837,bounded_stress_v1
generic,100,17,0.0785,bounded_stress_v1
generic,100,18,0.0872,bounded_stress_v1
generic,100,19,0.1141,bounded_stress_v1
generic,100,20,0.1098,bounded_stress_v1
generic,100,21,0.0904,bounded_stress_v1
generic,100,22,0.0829,bounded_stress_v1
generic,100,23,0.1269,bounded_stress_v1
generic,100,24,0.1099,bounded_stress_v1
generic,100,25,0.1332,bounded_stress_v1
generic,100,26,0.0718,bounded_stress_v1
generic,100,27,0.0971,bounded_stress_v1
generic,100,28,0.1218,bounded_stress_v1
generic,100,29,0.0751,bounded_stress_v1
generic,100,30,0.1294,bounded_stress_v1
generic,100,31,0.093,bounded_stress_v1
generic,100,32,0.112,bounded_stress_v1
generic,100,33,0.1207,bounded_stress_v1
generic,100,34,0.1212,bounded_stress_v1
generic,100,35,0.1145,bounded_stress_v1
generic,100,36,0.1039,bounded_stress_v1
generic,100,37,0.0647,bounded_stress_v1
generic,100,38,0.0904,bounded_stress_v1
generic,100,39,0.1055,bounded_stress_v1
generic,200,0,0.1063,bounded_stress_v1
generic,200,1,0.1286,bounded_stress_v1
generic,200,2,0.1252,bounded_stress_v1
generic,200,3,0.0933,bounded_stress_v1
generic,200,4,0.0816,bounded_stress_v1
generic,200,5,0.0816,bounded_stress_v1
generic,200,6,0.1138,bounded_stress_v1
generic,200,7,0.1322,bounded_stress_v1
generic,200,8,0.1334,bounded_stress_v1
generic,200,9,0.0985,bounded_stress_v1
generic,200,10,0.0984,bounded_stress_v1
generic,200,11,0.1164,bounded_stress_v1
generic,200,12,0.1303,bounded_stress_v1
generic,200,13,0.1323,bounded_stress_v1
generic,200,14,0.0976,bounded_stress_v1
generic,200,15,0.1096,bounded_stress_v1
generic,200,16,0.1034,bounded_stress_v1
generic,200,17,0.0774,bounded_stress_v1
generic,200,18,0.1012,bounded_stress_v1
generic,200,19,0.0965,bounded_stress_v1
generic,200,20,0.1027,bounded_stress_v1
generic,200,21,0.0978,bounded_stress_v1
generic,200,22,0.1174,bounded_stress_v1
generic,200,23,0.1192,bounded_stress_v1
generic,200,24,0.095,bounded_stress_v1
generic,200,25,0.1157,bounded_stress_v1
generic,200,26,0.1079,bounded_stress_v1
generic,200,27,0.1082,bounded_stress_v1
generic,200,28,0.1386,bounded_stress_v1
generic,200,29,0.1015,bounded_stress_v1
generic,200,30,0.1117,bounded_stress_v1
generic,200,31,0.106,bounded_stress_v1
generic,200,32,0.1173,bounded_stress_v1
generic,200,33,0.1161,bounded_stress_v1
generic,200,34,0.139,bounded_stress_v1
generic,200,35,0.1219,bounded_stress_v1
generic,200,36,0.0884,bounded_stress_v1
generic,200,37,0.0847,bounded_stress_v1
generic,200,38,0.0984,bounded_stress_v1
generic,200,39,0.1288,bounded_stress_v1
naive_personalized,1,0,0.0383,bounded_stress_v1
naive_personalized,1,1,0.0511,bounded_stress_v1
naive_personalized,1,2,0.0569,bounded_stress_v1
naive_personalized,1,3,0.0539,bounded_stress_v1
naive_personalized,1,4,0.0639,bounded_stress_v1
naive_personalized,1,5,0.0649,bounded_stress_v1
naive_personalized,1,6,0.0395,bounded_stress_v1
naive_personalized,1,7,0.0609,bounded_stress_v1
naive_personalized,1,8,0.0534,bounded_stress_v1
naive_personalized,1,9,0.0576,bounded_stress_v1
naive_personalized,1,10,0.0455,bounded_stress_v1
naive_personalized,1,11,0.0352,bounded_stress_v1
naive_personalized,1,12,0.0482,bounded_stress_v1
naive_personalized,1,13,0.049,bounded_stress_v1
naive_personalized,1,14,0.047,bounded_stress_v1
naive_personalized,1,15,0.0539,bounded_stress_v1
naive_personalized,1,16,0.0615,bounded_stress_v1
naive_personalized,1,17,0.0547,bounded_stress_v1
naive_personalized,1,18,0.0513,bounded_stress_v1
naive_personalized,1,19,0.0518,bounded_stress_v1
naive_personalized,1,20,0.0545,bounded_stress_v1
naive_personalized,1,21,0.0427,bounded_stress_v1
naive_personalized,1,22,0.0535,bounded_stress_v1
naive_personalized,1,23,0.0617,bounded_stress_v1
naive_personalized,1,24,0.0655,bounded_stress_v1
naive_personalized,1,25,0.0685,bounded_stress_v1
naive_personalized,1,26,0.0479,bounded_stress_v1
naive_personalized,1,27,0.0381,bounded_stress_v1
naive_personalized,1,28,0.0633,bounded_stress_v1
naive_personalized,1,29,0.0663,bounded_stress_v1
naive_personalized,1,30,0.066,bounded_stress_v1
naive_personalized,1,31,0.0652,bounded_stress_v1
naive_personalized,1,32,0.0681,bounded_stress_v1
naive_personalized,1,33,0.0451,bounded_stress_v1
naive_personalized,1,34,0.0493,bounded_stress_v1
naive_personalized,1,35,0.0456,bounded_stress_v1
naive_personalized,1,36,0.0429,bounded_stress_v1
naive_personalized,1,37,0.0553,bounded_stress_v1
naive_personalized,1,38,0.0612,bounded_stress_v1
naive_personalized,1,39,0.0458,bounded_stress_v1
naive_personalized,10,0,0.1409,bounded_stress_v1
naive_personalized,10,1,0.1233,bounded_stress_v1
naive_personalized,10,2,0.1118,bounded_stress_v1
naive_personalized,10,3,0.1194,bounded_stress_v1
naive_personalized,10,4,0.1129,bounded_stress_v1
naive_personalized,10,5,0.0926,bounded_stress_v1
naive_personalized,10,6,0.1106,bounded_stress_v1
naive_personalized,10,7,0.124,bounded_stress_v1
naive_personalized,10,8,0.1047,bounded_stress_v1
naive_personalized,10,9,0.103,bounded_stress_v1
naive_personalized,10,10,0.0666,bounded_stress_v1
naive_personalized,10,11,0.1254,bounded_stress_v1
naive_personalized,10,12,0.1078,bounded_stress_v1
naive_personalized,10,13,0.0868,bounded_stress_v1
naive_personalized,10,14,0.0944,bounded_stress_v1
naive_personalized,10,15,0.1063,bounded_stress_v1
naive_personalized,10,16,0.0992,bounded_stress_v1
naive_personalized,10,17,0.0805,bounded_stress_v1
naive_personalized,10,18,0.1222,bounded_stress_v1
naive_personalized,10,19,0.1187,bounded_stress_v1
naive_personalized,10,20,0.1137,bounded_stress_v1
naive_personalized,10,21,0.1287,bounded_stress_v1
naive_personalized,10,22,0.1224,bounded_stress_v1
naive_personalized,10,23,0.1039,bounded_stress_v1
naive_personalized,10,24,0.0813,bounded_stress_v1
naive_personalized,10,25,0.1182,bounded_stress_v1
naive_personalized,10,26,0.0901,bounded_stress_v1
naive_personalized,10,27,0.1013,bounded_stress_v1
naive_personalized,10,28,0.1144,bounded_stress_v1
naive_personalized,10,29,0.093,bounded_stress_v1
naive_personalized,10,30,0.1096,bounded_stress_v1
naive_personalized,10,31,0.1031,bounded_stress_v1
naive_personalized,10,32,0.0829,bounded_stress_v1
naive_personalized,10,33,0.1227,bounded_stress_v1
naive_personalized,10,34,0.072,bounded_stress_v1
naive_personalized,10,35,0.1353,bounded_stress_v1
naive_personalized,10,36,0.1111,bounded_stress_v1
naive_personalized,10,37,0.1008,bounded_stress_v1
naive_personalized,10,38,0.0669,bounded_stress_v1
naive_personalized,10,39,0.0717,bounded_stress_v1
naive_personalized,25,0,0.1234,bounded_stress_v1
naive_personalized,25,1,0.1115,bounded_stress_v1
naive_personalized,25,2,0.132,bounded_stress_v1
naive_personalized,25,3,0.1448,bounded_stress_v1
naive_personalized,25,4,0.097,bounded_stress_v1
naive_personalized,25,5,0.1236,bounded_stress_v1
naive_personalized,25,6,0.1061,bounded_stress_v1
naive_personalized,25,7,0.0964,bounded_stress_v1
naive_personalized,25,8,0.1406,bounded_stress_v1
naive_personalized,25,9,0.1133,bounded_stress_v1
naive_personalized,25,10,0.1341,bounded_stress_v1
naive_personalized,25,11,0.1421,bounded_stress_v1
naive_personalized,25,12,0.1238,bounded_stress_v1
naive_personalized,25,13,0.1047,bounded_stress_v1
naive_personalized,25,14,0.1216,bounded_stress_v1
naive_personalized,25,15,0.1234,bounded_stress_v1
naive_personalized,25,16,0.1402,bounded_stress_v1
naive_personalized,25,17,0.14,bounded_stress_v1
naive_personalized,25,18,0.1477,bounded_stress_v1
naive_personalized,25,19,0.0768,bounded_stress_v1
naive_personalized,25,20,0.1308,bounded_stress_v1
naive_personalized,25,21,0.0922,bounded_stress_v1
naive_personalized,25,22,0.0746,bounded_stress_v1
naive_personalized,25,23,0.1447,bounded_stress_v1
naive_personalized,25,24,0.0892,bounded_stress_v1
naive_personalized,25,25,0.1623,bounded_stress_v1
naive_personalized,25,26,0.1625,bounded_stress_v1
naive_personalized,25,27,0.1223,bounded_stress_v1
naive_personalized,25,28,0.1015,bounded_stress_v1
naive_personalized,25,29,0.1103,bounded_stress_v1
naive_personalized,25,30,0.1372,bounded_stress_v1
naive_personalized,25,31,0.1515,bounded_stress_v1
naive_personalized,25,32,0.1478,bounded_stress_v1
naive_personalized,25,33,0.1261,bounded_stress_v1
naive_personalized,25,34,0.1334,bounded_stress_v1
naive_personalized,25,35,0.1423,bounded_stress_v1
naive_personalized,25,36,0.0862,bounded_stress_v1
naive_personalized,25,37,0.1533,bounded_stress_v1
naive_personalized,25,38,0.1009,bounded_stress_v1
naive_personalized,25,39,0.1458,bounded_stress_v1
naive_personalized,50,0,0.1874,bounded_stress_v1
naive_personalized,50,1,0.1744,bounded_stress_v1
naive_personalized,50,2,0.1592,bounded_stress_v1
naive_personalized,50,3,0.1102,bounded_stress_v1
naive_personalized,50,4,0.134,bounded_stress_v1
naive_personalized,50,5,0.1464,bounded_stress_v1
naive_personalized,50,6,0.1361,bounded_stress_v1
naive_personalized,50,7,0.1528,bounded_stress_v1
naive_personalized,50,8,0.165,bounded_stress_v1
naive_personalized,50,9,0.1418,bounded_stress_v1
naive_personalized,50,10,0.1381,bounded_stress_v1
naive_personalized,50,11,0.1694,bounded_stress_v1
naive_personalized,50,12,0.1712,bounded_stress_v1
naive_personalized,50,13,0.1218,bounded_stress_v1
naive_personalized,50,14,0.1398,bounded_stress_v1
naive_personalized,50,15,0.1419,bounded_stress_v1
naive_personalized,50,16,0.1622,bounded_stress_v1
naive_personalized,50,17,0.1822,bounded_stress_v1
naive_personalized,50,18,0.1288,bounded_stress_v1
naive_personalized,50,19,0.1353,bounded_stress_v1
naive_personalized,50,20,0.1034,bounded_stress_v1
naive_personalized,50,21,0.1567,bounded_stress_v1
naive_personalized,50,22,0.1013,bounded_stress_v1
naive_personalized,50,23,0.1531,bounded_stress_v1
naive_personalized,50,24,0.1421,bounded_stress_v1
naive_personalized,50,25,0.1561,bounded_stress_v1
naive_personalized,50,26,0.1538,bounded_stress_v1
naive_personalized,50,27,0.1747,bounded_stress_v1
naive_personalized,50,28,0.1402,bounded_stress_v1
naive_personalized,50,29,0.1399,bounded_stress_v1
naive_personalized,50,30,0.1435,bounded_stress_v1
naive_personalized,50,31,0.1111,bounded_stress_v1
naive_personalized,50,32,0.1333,bounded_stress_v1
naive_personalized,50,33,0.105,bounded_stress_v1
naive_personalized,50,34,0.1077,bounded_stress_v1
naive_personalized,50,35,0.1197,bounded_stress_v1
naive_personalized,50,36,0.1541,bounded_stress_v1
naive_personalized,50,37,0.1581,bounded_stress_v1
naive_personalized,50,38,0.126,bounded_stress_v1
naive_personalized,50,39,0.1468,bounded_stress_v1
naive_personalized,100,0,0.152,bounded_stress_v1
naive_personalized,100,1,0.1725,bounded_stress_v1
naive_personalized,100,2,0.1906,bounded_stress_v1
naive_personalized,100,3,0.1074,bounded_stress_v1
naive_personalized,100,4,0.1518,bounded_stress_v1
naive_personalized,100,5,0.1477,bounded_stress_v1
naive_personalized,100,6,0.1686,bounded_stress_v1
naive_personalized,100,7,0.1343,bounded_stress_v1
naive_personalized,100,8,0.1391,bounded_stress_v1
naive_personalized,100,9,0.2075,bounded_stress_v1
naive_personalized,100,10,0.1731,bounded_stress_v1
naive_personalized,100,11,0.1272,bounded_stress_v1
naive_personalized,100,12,0.074,bounded_stress_v1
naive_personalized,100,13,0.1769,bounded_stress_v1
naive_personalized,100,14,0.155,bounded_stress_v1
naive_personalized,100,15,0.1675,bounded_stress_v1
naive_personalized,100,16,0.1432,bounded_stress_v1
naive_personalized,100,17,0.1449,bounded_stress_v1
naive_personalized,100,18,0.16,bounded_stress_v1
naive_personalized,100,19,0.1675,bounded_stress_v1
naive_personalized,100,20,0.1543,bounded_stress_v1
naive_personalized,100,21,0.1448,bounded_stress_v1
naive_personalized,100,22,0.1565,bounded_stress_v1
naive_personalized,100,23,0.1831,bounded_stress_v1
naive_personalized,100,24,0.1422,bounded_stress_v1
naive_personalized,100,25,0.1377,bounded_stress_v1
naive_personalized,100,26,0.1447,bounded_stress_v1
naive_personalized,100,27,0.1702,bounded_stress_v1
naive_personalized,100,28,0.1745,bounded_stress_v1
naive_personalized,100,29,0.1766,bounded_stress_v1
naive_personalized,100,30,0.1593,bounded_stress_v1
naive_personalized,100,31,0.1297,bounded_stress_v1
naive_personalized,100,32,0.1729,bounded_stress_v1
naive_personalized,100,33,0.1724,bounded_stress_v1
naive_personalized,100,34,0.1746,bounded_stress_v1
naive_personalized,100,35,0.1695,bounded_stress_v1
naive_personalized,100,36,0.1147,bounded_stress_v1
naive_personalized,100,37,0.1976,bounded_stress_v1
naive_personalized,100,38,0.1933,bounded_stress_v1
naive_personalized,100,39,0.1265,bounded_stress_v1
naive_personalized,200,0,0.163,bounded_stress_v1
naive_personalized,200,1,0.1795,bounded_stress_v1
naive_personalized,200,2,0.1626,bounded_stress_v1
naive_personalized,200,3,0.1659,bounded_stress_v1
naive_personalized,200,4,0.2063,bounded_stress_v1
naive_personalized,200,5,0.1611,bounded_stress_v1
naive_personalized,200,6,0.1666,bounded_stress_v1
naive_personalized,200,7,0.1869,bounded_stress_v1
naive_personalized,200,8,0.1366,bounded_stress_v1
naive_personalized,200,9,0.1779,bounded_stress_v1
naive_personalized,200,10,0.1522,bounded_stress_v1
naive_personalized,200,11,0.173,bounded_stress_v1
naive_personalized,200,12,0.1471,bounded_stress_v1
naive_personalized,200,13,0.1557,bounded_stress_v1
naive_personalized,200,14,0.1821,bounded_stress_v1
naive_personalized,200,15,0.2105,bounded_stress_v1
naive_personalized,200,16,0.1947,bounded_stress_v1
naive_personalized,200,17,0.2031,bounded_stress_v1
naive_personalized,200,18,0.1072,bounded_stress_v1
naive_personalized,200,19,0.1871,bounded_stress_v1
naive_personalized,200,20,0.1985,bounded_stress_v1
naive_personalized,200,21,0.1673,bounded_stress_v1
naive_personalized,200,22,0.1926,bounded_stress_v1
naive_personalized,200,23,0.1722,bounded_stress_v1
naive_personalized,200,24,0.2074,bounded_stress_v1
naive_personalized,200,25,0.209,bounded_stress_v1
naive_personalized,200,26,0.1511,bounded_stress_v1
naive_personalized,200,27,0.1679,bounded_stress_v1
naive_personalized,200,28,0.1539,bounded_stress_v1
naive_personalized,200,29,0.2113,bounded_stress_v1
naive_personalized,200,30,0.2296,bounded_stress_v1
naive_personalized,200,31,0.1872,bounded_stress_v1
naive_personalized,200,32,0.1605,bounded_stress_v1
naive_personalized,200,33,0.2001,bounded_stress_v1
naive_personalized,200,34,0.1635,bounded_stress_v1
naive_personalized,200,35,0.1853,bounded_stress_v1
naive_personalized,200,36,0.1779,bounded_stress_v1
naive_personalized,200,37,0.1815,bounded_stress_v1
naive_personalized,200,38,0.1827,bounded_stress_v1
naive_personalized,200,39,0.1651,bounded_stress_v1
behavior_trained_proxy,1,0,0.0188,bounded_stress_v1
behavior_trained_proxy,1,1,0.0215,bounded_stress_v1
behavior_trained_proxy,1,2,0.0264,bounded_stress_v1
behavior_trained_proxy,1,3,0.0171,bounded_stress_v1
behavior_trained_proxy,1,4,0.0203,bounded_stress_v1
behavior_trained_proxy,1,5,0.0212,bounded_stress_v1
behavior_trained_proxy,1,6,0.0235,bounded_stress_v1
behavior_trained_proxy,1,7,0.0144,bounded_stress_v1
behavior_trained_proxy,1,8,0.0198,bounded_stress_v1
behavior_trained_proxy,1,9,0.0087,bounded_stress_v1
behavior_trained_proxy,1,10,0.0183,bounded_stress_v1
behavior_trained_proxy,1,11,0.0227,bounded_stress_v1
behavior_trained_proxy,1,12,0.0113,bounded_stress_v1
behavior_trained_proxy,1,13,0.0161,bounded_stress_v1
behavior_trained_proxy,1,14,0.0183,bounded_stress_v1
behavior_trained_proxy,1,15,0.0237,bounded_stress_v1
behavior_trained_proxy,1,16,0.012,bounded_stress_v1
behavior_trained_proxy,1,17,0.0175,bounded_stress_v1
behavior_trained_proxy,1,18,0.02,bounded_stress_v1
behavior_trained_proxy,1,19,0.027,bounded_stress_v1
behavior_trained_proxy,1,20,0.0165,bounded_stress_v1
behavior_trained_proxy,1,21,0.0156,bounded_stress_v1
behavior_trained_proxy,1,22,0.0191,bounded_stress_v1
behavior_trained_proxy,1,23,0.0128,bounded_stress_v1
behavior_trained_proxy,1,24,0.017,bounded_stress_v1
behavior_trained_proxy,1,25,0.0157,bounded_stress_v1
behavior_trained_proxy,1,26,0.026,bounded_stress_v1
behavior_trained_proxy,1,27,0.024,bounded_stress_v1
behavior_trained_proxy,1,28,0.0228,bounded_stress_v1
behavior_trained_proxy,1,29,0.0194,bounded_stress_v1
behavior_trained_proxy,1,30,0.0187,bounded_stress_v1
behavior_trained_proxy,1,31,0.0173,bounded_stress_v1
behavior_trained_proxy,1,32,0.0237,bounded_stress_v1
behavior_trained_proxy,1,33,0.0184,bounded_stress_v1
behavior_trained_proxy,1,34,0.0186,bounded_stress_v1
behavior_trained_proxy,1,35,0.021,bounded_stress_v1
behavior_trained_proxy,1,36,0.018,bounded_stress_v1
behavior_trained_proxy,1,37,0.0152,bounded_stress_v1
behavior_trained_proxy,1,38,0.0185,bounded_stress_v1
behavior_trained_proxy,1,39,0.0134,bounded_stress_v1
behavior_trained_proxy,10,0,0.0396,bounded_stress_v1
behavior_trained_proxy,10,1,0.0527,bounded_stress_v1
behavior_trained_proxy,10,2,0.0438,bounded_stress_v1
behavior_trained_proxy,10,3,0.0345,bounded_stress_v1
behavior_trained_proxy,10,4,0.021,bounded_stress_v1
behavior_trained_proxy,10,5,0.0449,bounded_stress_v1
behavior_trained_proxy,10,6,0.0236,bounded_stress_v1
behavior_trained_proxy,10,7,0.0291,bounded_stress_v1
behavior_trained_proxy,10,8,0.0351,bounded_stress_v1
behavior_trained_proxy,10,9,0.0323,bounded_stress_v1
behavior_trained_proxy,10,10,0.0549,bounded_stress_v1
behavior_trained_proxy,10,11,0.0434,bounded_stress_v1
behavior_trained_proxy,10,12,0.0364,bounded_stress_v1
behavior_trained_proxy,10,13,0.0352,bounded_stress_v1
behavior_trained_proxy,10,14,0.0427,bounded_stress_v1
behavior_trained_proxy,10,15,0.037,bounded_stress_v1
behavior_trained_proxy,10,16,0.0378,bounded_stress_v1
behavior_trained_proxy,10,17,0.0339,bounded_stress_v1
behavior_trained_proxy,10,18,0.042,bounded_stress_v1
behavior_trained_proxy,10,19,0.0333,bounded_stress_v1
behavior_trained_proxy,10,20,0.0434,bounded_stress_v1
behavior_trained_proxy,10,21,0.0412,bounded_stress_v1
behavior_trained_proxy,10,22,0.0363,bounded_stress_v1
behavior_trained_proxy,10,23,0.0383,bounded_stress_v1
behavior_trained_proxy,10,24,0.0373,bounded_stress_v1
behavior_trained_proxy,10,25,0.0408,bounded_stress_v1
behavior_trained_proxy,10,26,0.0448,bounded_stress_v1
behavior_trained_proxy,10,27,0.033,bounded_stress_v1
behavior_trained_proxy,10,28,0.0422,bounded_stress_v1
behavior_trained_proxy,10,29,0.0464,bounded_stress_v1
behavior_trained_proxy,10,30,0.0394,bounded_stress_v1
behavior_trained_proxy,10,31,0.0391,bounded_stress_v1
behavior_trained_proxy,10,32,0.0485,bounded_stress_v1
behavior_trained_proxy,10,33,0.0211,bounded_stress_v1
behavior_trained_proxy,10,34,0.0406,bounded_stress_v1
behavior_trained_proxy,10,35,0.0406,bounded_stress_v1
behavior_trained_proxy,10,36,0.0334,bounded_stress_v1
behavior_trained_proxy,10,37,0.0323,bounded_stress_v1
behavior_trained_proxy,10,38,0.0429,bounded_stress_v1
behavior_trained_proxy,10,39,0.0411,bounded_stress_v1
behavior_trained_proxy,25,0,0.0431,bounded_stress_v1
behavior_trained_proxy,25,1,0.0406,bounded_stress_v1
behavior_trained_proxy,25,2,0.0472,bounded_stress_v1
behavior_trained_proxy,25,3,0.0536,bounded_stress_v1
behavior_trained_proxy,25,4,0.0531,bounded_stress_v1
behavior_trained_proxy,25,5,0.06,bounded_stress_v1
behavior_trained_proxy,25,6,0.0538,bounded_stress_v1
behavior_trained_proxy,25,7,0.0434,bounded_stress_v1
behavior_trained_proxy,25,8,0.0542,bounded_stress_v1
behavior_trained_proxy,25,9,0.0372,bounded_stress_v1
behavior_trained_proxy,25,10,0.0447,bounded_stress_v1
behavior_trained_proxy,25,11,0.0528,bounded_stress_v1
behavior_trained_proxy,25,12,0.0474,bounded_stress_v1
behavior_trained_proxy,25,13,0.0319,bounded_stress_v1
behavior_trained_proxy,25,14,0.0386,bounded_stress_v1
behavior_trained_proxy,25,15,0.0504,bounded_stress_v1
behavior_trained_proxy,25,16,0.0461,bounded_stress_v1
behavior_trained_proxy,25,17,0.0608,bounded_stress_v1
behavior_trained_proxy,25,18,0.0562,bounded_stress_v1
behavior_trained_proxy,25,19,0.0604,bounded_stress_v1
behavior_trained_proxy,25,20,0.04,bounded_stress_v1
behavior_trained_proxy,25,21,0.0585,bounded_stress_v1
behavior_trained_proxy,25,22,0.0457,bounded_stress_v1
behavior_trained_proxy,25,23,0.0444,bounded_stress_v1
behavior_trained_proxy,25,24,0.0482,bounded_stress_v1
behavior_trained_proxy,25,25,0.0414,bounded_stress_v1
behavior_trained_proxy,25,26,0.0521,bounded_stress_v1
behavior_trained_proxy,25,27,0.0476,bounded_stress_v1
behavior_trained_proxy,25,28,0.0523,bounded_stress_v1
behavior_trained_proxy,25,29,0.0371,bounded_stress_v1
behavior_trained_proxy,25,30,0.0618,bounded_stress_v1
behavior_trained_proxy,25,31,0.0532,bounded_stress_v1
behavior_trained_proxy,25,32,0.0451,bounded_stress_v1
behavior_trained_proxy,25,33,0.0415,bounded_stress_v1
behavior_trained_proxy,25,34,0.0411,bounded_stress_v1
behavior_trained_proxy,25,35,0.0413,bounded_stress_v1
behavior_trained_proxy,25,36,0.0437,bounded_stress_v1
behavior_trained_proxy,25,37,0.0473,bounded_stress_v1
behavior_trained_proxy,25,38,0.0422,bounded_stress_v1
behavior_trained_proxy,25,39,0.059,bounded_stress_v1
behavior_trained_proxy,50,0,0.0592,bounded_stress_v1
behavior_trained_proxy,50,1,0.0545,bounded_stress_v1
behavior_trained_proxy,50,2,0.0645,bounded_stress_v1
behavior_trained_proxy,50,3,0.053,bounded_stress_v1
behavior_trained_proxy,50,4,0.0618,bounded_stress_v1
behavior_trained_proxy,50,5,0.0573,bounded_stress_v1
behavior_trained_proxy,50,6,0.0575,bounded_stress_v1
behavior_trained_proxy,50,7,0.0496,bounded_stress_v1
behavior_trained_proxy,50,8,0.0621,bounded_stress_v1
behavior_trained_proxy,50,9,0.0549,bounded_stress_v1
behavior_trained_proxy,50,10,0.0614,bounded_stress_v1
behavior_trained_proxy,50,11,0.0547,bounded_stress_v1
behavior_trained_proxy,50,12,0.0449,bounded_stress_v1
behavior_trained_proxy,50,13,0.0462,bounded_stress_v1
behavior_trained_proxy,50,14,0.0423,bounded_stress_v1
behavior_trained_proxy,50,15,0.0477,bounded_stress_v1
behavior_trained_proxy,50,16,0.0567,bounded_stress_v1
behavior_trained_proxy,50,17,0.0613,bounded_stress_v1
behavior_trained_proxy,50,18,0.0629,bounded_stress_v1
behavior_trained_proxy,50,19,0.0544,bounded_stress_v1
behavior_trained_proxy,50,20,0.0625,bounded_stress_v1
behavior_trained_proxy,50,21,0.0723,bounded_stress_v1
behavior_trained_proxy,50,22,0.0561,bounded_stress_v1
behavior_trained_proxy,50,23,0.0496,bounded_stress_v1
behavior_trained_proxy,50,24,0.0671,bounded_stress_v1
behavior_trained_proxy,50,25,0.0474,bounded_stress_v1
behavior_trained_proxy,50,26,0.0592,bounded_stress_v1
behavior_trained_proxy,50,27,0.0623,bounded_stress_v1
behavior_trained_proxy,50,28,0.0501,bounded_stress_v1
behavior_trained_proxy,50,29,0.0606,bounded_stress_v1
behavior_trained_proxy,50,30,0.0515,bounded_stress_v1
behavior_trained_proxy,50,31,0.0524,bounded_stress_v1
behavior_trained_proxy,50,32,0.06,bounded_stress_v1
behavior_trained_proxy,50,33,0.0599,bounded_stress_v1
behavior_trained_proxy,50,34,0.0418,bounded_stress_v1
behavior_trained_proxy,50,35,0.0516,bounded_stress_v1
behavior_trained_proxy,50,36,0.0433,bounded_stress_v1
behavior_trained_proxy,50,37,0.0443,bounded_stress_v1
behavior_trained_proxy,50,38,0.0564,bounded_stress_v1
behavior_trained_proxy,50,39,0.0591,bounded_stress_v1
behavior_trained_proxy,100,0,0.0548,bounded_stress_v1
behavior_trained_proxy,100,1,0.0702,bounded_stress_v1
behavior_trained_proxy,100,2,0.0474,bounded_stress_v1
behavior_trained_proxy,100,3,0.0673,bounded_stress_v1
behavior_trained_proxy,100,4,0.0388,bounded_stress_v1
behavior_trained_proxy,100,5,0.0668,bounded_stress_v1
behavior_trained_proxy,100,6,0.0651,bounded_stress_v1
behavior_trained_proxy,100,7,0.0824,bounded_stress_v1
behavior_trained_proxy,100,8,0.0769,bounded_stress_v1
behavior_trained_proxy,100,9,0.0674,bounded_stress_v1
behavior_trained_proxy,100,10,0.0577,bounded_stress_v1
behavior_trained_proxy,100,11,0.0722,bounded_stress_v1
behavior_trained_proxy,100,12,0.0596,bounded_stress_v1
behavior_trained_proxy,100,13,0.0702,bounded_stress_v1
behavior_trained_proxy,100,14,0.0548,bounded_stress_v1
behavior_trained_proxy,100,15,0.0697,bounded_stress_v1
behavior_trained_proxy,100,16,0.0687,bounded_stress_v1
behavior_trained_proxy,100,17,0.0498,bounded_stress_v1
behavior_trained_proxy,100,18,0.0765,bounded_stress_v1
behavior_trained_proxy,100,19,0.0666,bounded_stress_v1
behavior_trained_proxy,100,20,0.0704,bounded_stress_v1
behavior_trained_proxy,100,21,0.0451,bounded_stress_v1
behavior_trained_proxy,100,22,0.0478,bounded_stress_v1
behavior_trained_proxy,100,23,0.0641,bounded_stress_v1
behavior_trained_proxy,100,24,0.0459,bounded_stress_v1
behavior_trained_proxy,100,25,0.0519,bounded_stress_v1
behavior_trained_proxy,100,26,0.0646,bounded_stress_v1
behavior_trained_proxy,100,27,0.052,bounded_stress_v1
behavior_trained_proxy,100,28,0.0379,bounded_stress_v1
behavior_trained_proxy,100,29,0.0485,bounded_stress_v1
behavior_trained_proxy,100,30,0.0528,bounded_stress_v1
behavior_trained_proxy,100,31,0.0627,bounded_stress_v1
behavior_trained_proxy,100,32,0.0562,bounded_stress_v1
behavior_trained_proxy,100,33,0.0558,bounded_stress_v1
behavior_trained_proxy,100,34,0.0501,bounded_stress_v1
behavior_trained_proxy,100,35,0.0602,bounded_stress_v1
behavior_trained_proxy,100,36,0.0495,bounded_stress_v1
behavior_trained_proxy,100,37,0.0512,bounded_stress_v1
behavior_trained_proxy,100,38,0.0414,bounded_stress_v1
behavior_trained_proxy,100,39,0.0717,bounded_stress_v1
behavior_trained_proxy,200,0,0.0441,bounded_stress_v1
behavior_trained_proxy,200,1,0.0554,bounded_stress_v1
behavior_trained_proxy,200,2,0.0599,bounded_stress_v1
behavior_trained_proxy,200,3,0.0703,bounded_stress_v1
behavior_trained_proxy,200,4,0.0658,bounded_stress_v1
behavior_trained_proxy,200,5,0.0774,bounded_stress_v1
behavior_trained_proxy,200,6,0.0479,bounded_stress_v1
behavior_trained_proxy,200,7,0.0548,bounded_stress_v1
behavior_trained_proxy,200,8,0.055,bounded_stress_v1
behavior_trained_proxy,200,9,0.0664,bounded_stress_v1
behavior_trained_proxy,200,10,0.0691,bounded_stress_v1
behavior_trained_proxy,200,11,0.0524,bounded_stress_v1
behavior_trained_proxy,200,12,0.0793,bounded_stress_v1
behavior_trained_proxy,200,13,0.0318,bounded_stress_v1
behavior_trained_proxy,200,14,0.0605,bounded_stress_v1
behavior_trained_proxy,200,15,0.0628,bounded_stress_v1
behavior_trained_proxy,200,16,0.0757,bounded_stress_v1
behavior_trained_proxy,200,17,0.0567,bounded_stress_v1
behavior_trained_proxy,200,18,0.0702,bounded_stress_v1
behavior_trained_proxy,200,19,0.06,bounded_stress_v1
behavior_trained_proxy,200,20,0.0628,bounded_stress_v1
behavior_trained_proxy,200,21,0.0578,bounded_stress_v1
behavior_trained_proxy,200,22,0.0598,bounded_stress_v1
behavior_trained_proxy,200,23,0.0571,bounded_stress_v1
behavior_trained_proxy,200,24,0.0465,bounded_stress_v1
behavior_trained_proxy,200,25,0.0758,bounded_stress_v1
behavior_trained_proxy,200,26,0.076,bounded_stress_v1
behavior_trained_proxy,200,27,0.0371,bounded_stress_v1
behavior_trained_proxy,200,28,0.0655,bounded_stress_v1
behavior_trained_proxy,200,29,0.0471,bounded_stress_v1
behavior_trained_proxy,200,30,0.0717,bounded_stress_v1
behavior_trained_proxy,200,31,0.0792,bounded_stress_v1
behavior_trained_proxy,200,32,0.0638,bounded_stress_v1
behavior_trained_proxy,200,33,0.0928,bounded_stress_v1
behavior_trained_proxy,200,34,0.0611,bounded_stress_v1
behavior_trained_proxy,200,35,0.0565,bounded_stress_v1
behavior_trained_proxy,200,36,0.0664,bounded_stress_v1
behavior_trained_proxy,200,37,0.0748,bounded_stress_v1
behavior_trained_proxy,200,38,0.0553,bounded_stress_v1
behavior_trained_proxy,200,39,0.0506,bounded_stress_v1
cgsp,1,0,0.0226,bounded_stress_v1
cgsp,1,1,0.0185,bounded_stress_v1
cgsp,1,2,0.0155,bounded_stress_v1
cgsp,1,3,0.0152,bounded_stress_v1
cgsp,1,4,0.0177,bounded_stress_v1
cgsp,1,5,0.0156,bounded_stress_v1
cgsp,1,6,0.014,bounded_stress_v1
cgsp,1,7,0.016,bounded_stress_v1
cgsp,1,8,0.0176,bounded_stress_v1
cgsp,1,9,0.0206,bounded_stress_v1
cgsp,1,10,0.0148,bounded_stress_v1
cgsp,1,11,0.0179,bounded_stress_v1
cgsp,1,12,0.0198,bounded_stress_v1
cgsp,1,13,0.0194,bounded_stress_v1
cgsp,1,14,0.016,bounded_stress_v1
cgsp,1,15,0.0193,bounded_stress_v1
cgsp,1,16,0.0145,bounded_stress_v1
cgsp,1,17,0.0163,bounded_stress_v1
cgsp,1,18,0.0185,bounded_stress_v1
cgsp,1,19,0.0148,bounded_stress_v1
cgsp,1,20,0.0185,bounded_stress_v1
cgsp,1,21,0.0143,bounded_stress_v1
cgsp,1,22,0.0167,bounded_stress_v1
cgsp,1,23,0.0175,bounded_stress_v1
cgsp,1,24,0.0176,bounded_stress_v1
cgsp,1,25,0.0168,bounded_stress_v1
cgsp,1,26,0.0211,bounded_stress_v1
cgsp,1,27,0.0155,bounded_stress_v1
cgsp,1,28,0.0118,bounded_stress_v1
cgsp,1,29,0.0212,bounded_stress_v1
cgsp,1,30,0.0198,bounded_stress_v1
cgsp,1,31,0.0139,bounded_stress_v1
cgsp,1,32,0.016,bounded_stress_v1
cgsp,1,33,0.0188,bounded_stress_v1
cgsp,1,34,0.0154,bounded_stress_v1
cgsp,1,35,0.0135,bounded_stress_v1
cgsp,1,36,0.0196,bounded_stress_v1
cgsp,1,37,0.0187,bounded_stress_v1
cgsp,1,38,0.0213,bounded_stress_v1
cgsp,1,39,0.0223,bounded_stress_v1
cgsp,10,0,0.0365,bounded_stress_v1
cgsp,10,1,0.0262,bounded_stress_v1
cgsp,10,2,0.0311,bounded_stress_v1
cgsp,10,3,0.0369,bounded_stress_v1
cgsp,10,4,0.0309,bounded_stress_v1
cgsp,10,5,0.0296,bounded_stress_v1
cgsp,10,6,0.0279,bounded_stress_v1
cgsp,10,7,0.04,bounded_stress_v1
cgsp,10,8,0.031,bounded_stress_v1
cgsp,10,9,0.0376,bounded_stress_v1
cgsp,10,10,0.0382,bounded_stress_v1
cgsp,10,11,0.0321,bounded_stress_v1
cgsp,10,12,0.0333,bounded_stress_v1
cgsp,10,13,0.0381,bounded_stress_v1
cgsp,10,14,0.0406,bounded_stress_v1
cgsp,10,15,0.0445,bounded_stress_v1
cgsp,10,16,0.0362,bounded_stress_v1
cgsp,10,17,0.0316,bounded_stress_v1
cgsp,10,18,0.0445,bounded_stress_v1
cgsp,10,19,0.0405,bounded_stress_v1
cgsp,10,20,0.0412,bounded_stress_v1
cgsp,10,21,0.0259,bounded_stress_v1
cgsp,10,22,0.0408,bounded_stress_v1
cgsp,10,23,0.0339,bounded_stress_v1
cgsp,10,24,0.0367,bounded_stress_v1
cgsp,10,25,0.0392,bounded_stress_v1
cgsp,10,26,0.0308,bounded_stress_v1
cgsp,10,27,0.0305,bounded_stress_v1
cgsp,10,28,0.031,bounded_stress_v1
cgsp,10,29,0.041,bounded_stress_v1
cgsp,10,30,0.038,bounded_stress_v1
cgsp,10,31,0.0353,bounded_stress_v1
cgsp,10,32,0.0336,bounded_stress_v1
cgsp,10,33,0.0412,bounded_stress_v1
cgsp,10,34,0.026,bounded_stress_v1
cgsp,10,35,0.0428,bounded_stress_v1
cgsp,10,36,0.0306,bounded_stress_v1
cgsp,10,37,0.0249,bounded_stress_v1
cgsp,10,38,0.0354,bounded_stress_v1
cgsp,10,39,0.0372,bounded_stress_v1
cgsp,25,0,0.0391,bounded_stress_v1
cgsp,25,1,0.0423,bounded_stress_v1
cgsp,25,2,0.0203,bounded_stress_v1
cgsp,25,3,0.0485,bounded_stress_v1
cgsp,25,4,0.0382,bounded_stress_v1
cgsp,25,5,0.0553,bounded_stress_v1
cgsp,25,6,0.0524,bounded_stress_v1
cgsp,25,7,0.0371,bounded_stress_v1
cgsp,25,8,0.0381,bounded_stress_v1
cgsp,25,9,0.0455,bounded_stress_v1
cgsp,25,10,0.0287,bounded_stress_v1
cgsp,25,11,0.0551,bounded_stress_v1
cgsp,25,12,0.0339,bounded_stress_v1
cgsp,25,13,0.0403,bounded_stress_v1
cgsp,25,14,0.04,bounded_stress_v1
cgsp,25,15,0.0382,bounded_stress_v1
cgsp,25,16,0.0457,bounded_stress_v1
cgsp,25,17,0.0369,bounded_stress_v1
cgsp,25,18,0.0325,bounded_stress_v1
cgsp,25,19,0.0512,bounded_stress_v1
cgsp,25,20,0.0351,bounded_stress_v1
cgsp,25,21,0.0411,bounded_stress_v1
cgsp,25,22,0.0337,bounded_stress_v1
cgsp,25,23,0.032,bounded_stress_v1
cgsp,25,24,0.0476,bounded_stress_v1
cgsp,25,25,0.036,bounded_stress_v1
cgsp,25,26,0.0462,bounded_stress_v1
cgsp,25,27,0.0575,bounded_stress_v1
cgsp,25,28,0.0375,bounded_stress_v1
cgsp,25,29,0.0418,bounded_stress_v1
cgsp,25,30,0.0437,bounded_stress_v1
cgsp,25,31,0.0416,bounded_stress_v1
cgsp,25,32,0.0499,bounded_stress_v1
cgsp,25,33,0.0443,bounded_stress_v1
cgsp,25,34,0.0404,bounded_stress_v1
cgsp,25,35,0.0427,bounded_stress_v1
cgsp,25,36,0.0334,bounded_stress_v1
cgsp,25,37,0.0383,bounded_stress_v1
cgsp,25,38,0.046,bounded_stress_v1
cgsp,25,39,0.0297,bounded_stress_v1
cgsp,50,0,0.0518,bounded_stress_v1
cgsp,50,1,0.0396,bounded_stress_v1
cgsp,50,2,0.0584,bounded_stress_v1
cgsp,50,3,0.0555,bounded_stress_v1
cgsp,50,4,0.0547,bounded_stress_v1
cgsp,50,5,0.0412,bounded_stress_v1
cgsp,50,6,0.032,bounded_stress_v1
cgsp,50,7,0.0506,bounded_stress_v1
cgsp,50,8,0.0614,bounded_stress_v1
cgsp,50,9,0.0377,bounded_stress_v1
cgsp,50,10,0.0613,bounded_stress_v1
cgsp,50,11,0.0504,bounded_stress_v1
cgsp,50,12,0.042,bounded_stress_v1
cgsp,50,13,0.0415,bounded_stress_v1
cgsp,50,14,0.052,bounded_stress_v1
cgsp,50,15,0.0397,bounded_stress_v1
cgsp,50,16,0.0516,bounded_stress_v1
cgsp,50,17,0.0474,bounded_stress_v1
cgsp,50,18,0.0376,bounded_stress_v1
cgsp,50,19,0.0474,bounded_stress_v1
cgsp,50,20,0.0536,bounded_stress_v1
cgsp,50,21,0.0547,bounded_stress_v1
cgsp,50,22,0.061,bounded_stress_v1
cgsp,50,23,0.05,bounded_stress_v1
cgsp,50,24,0.0517,bounded_stress_v1
cgsp,50,25,0.0556,bounded_stress_v1
cgsp,50,26,0.0483,bounded_stress_v1
cgsp,50,27,0.0428,bounded_stress_v1
cgsp,50,28,0.0334,bounded_stress_v1
cgsp,50,29,0.0387,bounded_stress_v1
cgsp,50,30,0.0306,bounded_stress_v1
cgsp,50,31,0.0467,bounded_stress_v1
cgsp,50,32,0.0408,bounded_stress_v1
cgsp,50,33,0.0508,bounded_stress_v1
cgsp,50,34,0.0425,bounded_stress_v1
cgsp,50,35,0.0448,bounded_stress_v1
cgsp,50,36,0.0548,bounded_stress_v1
cgsp,50,37,0.0476,bounded_stress_v1
cgsp,50,38,0.0492,bounded_stress_v1
cgsp,50,39,0.0565,bounded_stress_v1
cgsp,100,0,0.0507,bounded_stress_v1
cgsp,100,1,0.0552,bounded_stress_v1
cgsp,100,2,0.0531,bounded_stress_v1
cgsp,100,3,0.0597,bounded_stress_v1
cgsp,100,4,0.0526,bounded_stress_v1
cgsp,100,5,0.0618,bounded_stress_v1
cgsp,100,6,0.0395,bounded_stress_v1
cgsp,100,7,0.0505,bounded_stress_v1
cgsp,100,8,0.0593,bounded_stress_v1
cgsp,100,9,0.0638,bounded_stress_v1
cgsp,100,10,0.0293,bounded_stress_v1
cgsp,100,11,0.0541,bounded_stress_v1
cgsp,100,12,0.0486,bounded_stress_v1
cgsp,100,13,0.0521,bounded_stress_v1
cgsp,100,14,0.051,bounded_stress_v1
cgsp,100,15,0.0531,bounded_stress_v1
cgsp,100,16,0.034,bounded_stress_v1
cgsp,100,17,0.0362,bounded_stress_v1
cgsp,100,18,0.0531,bounded_stress_v1
cgsp,100,19,0.0447,bounded_stress_v1
cgsp,100,20,0.0451,bounded_stress_v1
cgsp,100,21,0.0582,bounded_stress_v1
cgsp,100,22,0.0546,bounded_stress_v1
cgsp,100,23,0.058,bounded_stress_v1
cgsp,100,24,0.0469,bounded_stress_v1
cgsp,100,25,0.0511,bounded_stress_v1
cgsp,100,26,0.0495,bounded_stress_v1
cgsp,100,27,0.0411,bounded_stress_v1
cgsp,100,28,0.0449,bounded_stress_v1
cgsp,100,29,0.0576,bounded_stress_v1
cgsp,100,30,0.0426,bounded_stress_v1
cgsp,100,31,0.0654,bounded_stress_v1
cgsp,100,32,0.057,bounded_stress_v1
cgsp,100,33,0.0714,bounded_stress_v1
cgsp,100,34,0.0526,bounded_stress_v1
cgsp,100,35,0.0636,bounded_stress_v1
cgsp,100,36,0.0559,bounded_stress_v1
cgsp,100,37,0.0491,bounded_stress_v1
cgsp,100,38,0.0459,bounded_stress_v1
cgsp,100,39,0.0329,bounded_stress_v1
cgsp,200,0,0.0567,bounded_stress_v1
cgsp,200,1,0.0593,bounded_stress_v1
cgsp,200,2,0.0515,bounded_stress_v1
cgsp,200,3,0.0417,bounded_stress_v1
cgsp,200,4,0.0675,bounded_stress_v1
cgsp,200,5,0.0522,bounded_stress_v1
cgsp,200,6,0.058,bounded_stress_v1
cgsp,200,7,0.0481,bounded_stress_v1
cgsp,200,8,0.0609,bounded_stress_v1
cgsp,200,9,0.0589,bounded_stress_v1
cgsp,200,10,0.0446,bounded_stress_v1
cgsp,200,11,0.0595,bounded_stress_v1
cgsp,200,12,0.0499,bounded_stress_v1
cgsp,200,13,0.071,bounded_stress_v1
cgsp,200,14,0.0636,bounded_stress_v1
cgsp,200,15,0.0525,bounded_stress_v1
cgsp,200,16,0.0587,bounded_stress_v1
cgsp,200,17,0.0642,bounded_stress_v1
cgsp,200,18,0.0658,bounded_stress_v1
cgsp,200,19,0.0325,bounded_stress_v1
cgsp,200,20,0.0563,bounded_stress_v1
cgsp,200,21,0.0544,bounded_stress_v1
cgsp,200,22,0.0641,bounded_stress_v1
cgsp,200,23,0.0558,bounded_stress_v1
cgsp,200,24,0.0541,bounded_stress_v1
cgsp,200,25,0.0573,bounded_stress_v1
cgsp,200,26,0.0444,bounded_stress_v1
cgsp,200,27,0.0654,bounded_stress_v1
cgsp,200,28,0.0547,bounded_stress_v1
cgsp,200,29,0.0689,bounded_stress_v1
cgsp,200,30,0.0464,bounded_stress_v1
cgsp,200,31,0.0682,bounded_stress_v1
cgsp,200,32,0.0538,bounded_stress_v1
cgsp,200,33,0.0381,bounded_stress_v1
cgsp,200,34,0.0419,bounded_stress_v1
cgsp,200,35,0.0537,bounded_stress_v1
cgsp,200,36,0.0486,bounded_stress_v1
cgsp,200,37,0.0723,bounded_stress_v1
cgsp,200,38,0.081,bounded_stress_v1
cgsp,200,39,0.048,bounded_stress_v1
