split,target,bin_low,bin_high,count,mean_probability,empirical_rate,abs_gap
test,presentation_license,0.0,0.1,156,0.004089595756307316,0.0,0.004089595756307316
test,presentation_license,0.9,1.0,12,0.9957956933423144,1.0,0.004204306657685564
test,personalization_license,0.0,0.1,84,0.007074128286523482,0.0,0.007074128286523482
test,personalization_license,0.9,1.0,84,0.9928864667632925,1.0,0.007113533236707492
test,evidence_license,0.0,0.1,132,0.011221085729891488,0.0,0.011221085729891488
test,evidence_license,0.9,1.0,36,0.9891748395526151,1.0,0.010825160447384907
ood_test,presentation_license,0.0,0.1,864,0.003158394173793982,0.0,0.003158394173793982
ood_test,presentation_license,0.9,1.0,48,0.9958559818982945,1.0,0.0041440181017055044
ood_test,personalization_license,0.0,0.1,528,0.0073782762283211515,0.0,0.0073782762283211515
ood_test,personalization_license,0.9,1.0,384,0.9911065023889144,1.0,0.008893497611085599
ood_test,evidence_license,0.0,0.1,528,0.011807520891534258,0.0,0.011807520891534258
ood_test,evidence_license,0.2,0.30000000000000004,55,0.278375332519881,0.8727272727272727,0.5943519402073917
ood_test,evidence_license,0.30000000000000004,0.4,41,0.3291063705590227,0.0,0.3291063705590227
ood_test,evidence_license,0.9,1.0,288,0.9827577777799649,0.6666666666666666,0.31609111111329824
compositional_test,presentation_license,0.0,0.1,720,0.0012811407472266276,0.0,0.0012811407472266276
compositional_test,personalization_license,0.0,0.1,576,0.009124431058750148,0.0,0.009124431058750148
compositional_test,personalization_license,0.9,1.0,144,0.9823472295916953,1.0,0.017652770408304708
compositional_test,evidence_license,0.1,0.2,6,0.18803095762788222,0.0,0.18803095762788222
compositional_test,evidence_license,0.2,0.30000000000000004,282,0.229461775711483,0.5106382978723404,0.2811765221608574
compositional_test,evidence_license,0.8,0.9,144,0.876438933645929,0.0,0.876438933645929
compositional_test,evidence_license,0.9,1.0,288,0.9975499522729895,0.5,0.4975499522729895
provenance_intervention,presentation_license,0.0,0.1,800,0.0035372593148096853,0.0,0.0035372593148096853
provenance_intervention,personalization_license,0.0,0.1,800,0.01728576092617966,0.0,0.01728576092617966
provenance_intervention,evidence_license,0.0,0.1,400,0.03056057329554749,0.0,0.03056057329554749
provenance_intervention,evidence_license,0.1,0.2,200,0.14045929222991224,1.0,0.8595407077700877
provenance_intervention,evidence_license,0.9,1.0,200,0.9076731420107138,1.0,0.09232685798928619
